-- MySQL dump 10.13  Distrib 8.4.3, for Win64 (x86_64)
--
-- Host: localhost    Database: dental_finance
-- ------------------------------------------------------
-- Server version	8.4.3

/*!40101 SET @OLD_CHARACTER_SET_CLIENT=@@CHARACTER_SET_CLIENT */;
/*!40101 SET @OLD_CHARACTER_SET_RESULTS=@@CHARACTER_SET_RESULTS */;
/*!40101 SET @OLD_COLLATION_CONNECTION=@@COLLATION_CONNECTION */;
/*!50503 SET NAMES utf8mb4 */;
/*!40103 SET @OLD_TIME_ZONE=@@TIME_ZONE */;
/*!40103 SET TIME_ZONE='+00:00' */;
/*!40014 SET @OLD_UNIQUE_CHECKS=@@UNIQUE_CHECKS, UNIQUE_CHECKS=0 */;
/*!40014 SET @OLD_FOREIGN_KEY_CHECKS=@@FOREIGN_KEY_CHECKS, FOREIGN_KEY_CHECKS=0 */;
/*!40101 SET @OLD_SQL_MODE=@@SQL_MODE, SQL_MODE='NO_AUTO_VALUE_ON_ZERO' */;
/*!40111 SET @OLD_SQL_NOTES=@@SQL_NOTES, SQL_NOTES=0 */;

--
-- Current Database: `dental_finance`
--

CREATE DATABASE /*!32312 IF NOT EXISTS*/ `dental_finance` /*!40100 DEFAULT CHARACTER SET utf8mb4 COLLATE utf8mb4_unicode_ci */ /*!80016 DEFAULT ENCRYPTION='N' */;

USE `dental_finance`;

--
-- Table structure for table `cache`
--

DROP TABLE IF EXISTS `cache`;
/*!40101 SET @saved_cs_client     = @@character_set_client */;
/*!50503 SET character_set_client = utf8mb4 */;
CREATE TABLE `cache` (
  `key` varchar(255) COLLATE utf8mb4_unicode_ci NOT NULL,
  `value` mediumtext COLLATE utf8mb4_unicode_ci NOT NULL,
  `expiration` int NOT NULL,
  PRIMARY KEY (`key`),
  KEY `cache_expiration_index` (`expiration`)
) ENGINE=InnoDB DEFAULT CHARSET=utf8mb4 COLLATE=utf8mb4_unicode_ci;
/*!40101 SET character_set_client = @saved_cs_client */;

--
-- Dumping data for table `cache`
--

LOCK TABLES `cache` WRITE;
/*!40000 ALTER TABLE `cache` DISABLE KEYS */;
/*!40000 ALTER TABLE `cache` ENABLE KEYS */;
UNLOCK TABLES;

--
-- Table structure for table `cache_locks`
--

DROP TABLE IF EXISTS `cache_locks`;
/*!40101 SET @saved_cs_client     = @@character_set_client */;
/*!50503 SET character_set_client = utf8mb4 */;
CREATE TABLE `cache_locks` (
  `key` varchar(255) COLLATE utf8mb4_unicode_ci NOT NULL,
  `owner` varchar(255) COLLATE utf8mb4_unicode_ci NOT NULL,
  `expiration` int NOT NULL,
  PRIMARY KEY (`key`),
  KEY `cache_locks_expiration_index` (`expiration`)
) ENGINE=InnoDB DEFAULT CHARSET=utf8mb4 COLLATE=utf8mb4_unicode_ci;
/*!40101 SET character_set_client = @saved_cs_client */;

--
-- Dumping data for table `cache_locks`
--

LOCK TABLES `cache_locks` WRITE;
/*!40000 ALTER TABLE `cache_locks` DISABLE KEYS */;
/*!40000 ALTER TABLE `cache_locks` ENABLE KEYS */;
UNLOCK TABLES;

--
-- Table structure for table `doctor_treatment_fees`
--

DROP TABLE IF EXISTS `doctor_treatment_fees`;
/*!40101 SET @saved_cs_client     = @@character_set_client */;
/*!50503 SET character_set_client = utf8mb4 */;
CREATE TABLE `doctor_treatment_fees` (
  `id` bigint unsigned NOT NULL AUTO_INCREMENT,
  `doctor_id` bigint unsigned NOT NULL,
  `treatment_id` bigint unsigned NOT NULL,
  `fee_type` enum('percent','fixed','manual') COLLATE utf8mb4_unicode_ci NOT NULL DEFAULT 'percent',
  `fee_value` decimal(15,2) DEFAULT NULL,
  `created_at` timestamp NULL DEFAULT NULL,
  `updated_at` timestamp NULL DEFAULT NULL,
  PRIMARY KEY (`id`),
  UNIQUE KEY `doctor_treatment_fees_doctor_id_treatment_id_unique` (`doctor_id`,`treatment_id`),
  KEY `doctor_treatment_fees_doctor_id_index` (`doctor_id`),
  KEY `doctor_treatment_fees_treatment_id_index` (`treatment_id`),
  CONSTRAINT `doctor_treatment_fees_doctor_id_foreign` FOREIGN KEY (`doctor_id`) REFERENCES `doctors` (`id`) ON DELETE RESTRICT ON UPDATE CASCADE,
  CONSTRAINT `doctor_treatment_fees_treatment_id_foreign` FOREIGN KEY (`treatment_id`) REFERENCES `treatments` (`id`) ON DELETE RESTRICT ON UPDATE CASCADE
) ENGINE=InnoDB AUTO_INCREMENT=139 DEFAULT CHARSET=utf8mb4 COLLATE=utf8mb4_unicode_ci;
/*!40101 SET character_set_client = @saved_cs_client */;

--
-- Dumping data for table `doctor_treatment_fees`
--

LOCK TABLES `doctor_treatment_fees` WRITE;
/*!40000 ALTER TABLE `doctor_treatment_fees` DISABLE KEYS */;
INSERT INTO `doctor_treatment_fees` VALUES (1,5,20,'manual',0.00,'2026-03-06 07:54:12','2026-03-06 07:54:12'),(2,4,20,'percent',40.00,'2026-03-06 07:54:12','2026-03-06 07:54:12'),(3,7,20,'manual',0.00,'2026-03-06 07:54:12','2026-03-06 07:54:12'),(4,5,22,'manual',0.00,'2026-03-06 22:44:12','2026-03-10 01:45:21'),(5,4,22,'manual',0.00,'2026-03-06 22:44:12','2026-03-10 01:45:21'),(6,7,22,'manual',0.00,'2026-03-06 22:44:12','2026-03-10 01:45:21'),(7,5,23,'manual',0.00,'2026-03-06 22:45:24','2026-03-10 01:45:37'),(8,4,23,'manual',0.00,'2026-03-06 22:45:24','2026-03-10 01:45:37'),(9,7,23,'manual',0.00,'2026-03-06 22:45:24','2026-03-10 01:45:37'),(10,5,24,'manual',0.00,'2026-03-06 22:45:58','2026-03-10 01:45:53'),(11,4,24,'manual',0.00,'2026-03-06 22:45:58','2026-03-10 01:45:53'),(12,7,24,'manual',0.00,'2026-03-06 22:45:58','2026-03-10 01:45:53'),(13,5,25,'manual',0.00,'2026-03-06 22:47:47','2026-03-06 22:47:47'),(14,4,25,'manual',0.00,'2026-03-06 22:47:47','2026-03-06 22:47:47'),(15,7,25,'manual',0.00,'2026-03-06 22:47:47','2026-03-06 22:47:47'),(16,5,26,'manual',0.00,'2026-03-06 22:51:18','2026-03-11 23:10:13'),(17,4,26,'manual',0.00,'2026-03-06 22:51:18','2026-03-11 23:10:13'),(18,7,26,'manual',0.00,'2026-03-06 22:51:18','2026-03-11 23:10:13'),(19,5,27,'manual',0.00,'2026-03-07 00:28:52','2026-03-07 00:28:52'),(20,4,27,'manual',0.00,'2026-03-07 00:28:52','2026-03-07 00:28:52'),(21,7,27,'manual',0.00,'2026-03-07 00:28:52','2026-03-07 00:28:52'),(22,5,28,'manual',0.00,'2026-03-07 00:29:33','2026-03-07 00:30:38'),(23,4,28,'manual',0.00,'2026-03-07 00:29:33','2026-03-07 00:30:38'),(24,7,28,'manual',0.00,'2026-03-07 00:29:33','2026-03-07 00:30:38'),(25,5,29,'manual',0.00,'2026-03-07 00:31:06','2026-03-07 00:31:06'),(26,4,29,'manual',0.00,'2026-03-07 00:31:06','2026-03-07 00:31:06'),(27,7,29,'manual',0.00,'2026-03-07 00:31:06','2026-03-07 00:31:06'),(28,5,30,'manual',0.00,'2026-03-07 00:32:51','2026-03-07 00:32:51'),(29,4,30,'manual',0.00,'2026-03-07 00:32:51','2026-03-07 00:32:51'),(30,7,30,'manual',0.00,'2026-03-07 00:32:51','2026-03-07 00:32:51'),(31,5,31,'manual',0.00,'2026-03-07 00:33:29','2026-03-07 00:33:29'),(32,4,31,'manual',0.00,'2026-03-07 00:33:29','2026-03-07 00:33:29'),(33,7,31,'manual',0.00,'2026-03-07 00:33:29','2026-03-07 00:33:29'),(34,5,32,'manual',0.00,'2026-03-07 00:34:39','2026-03-07 00:34:39'),(35,4,32,'manual',0.00,'2026-03-07 00:34:39','2026-03-07 00:34:39'),(36,7,32,'manual',0.00,'2026-03-07 00:34:39','2026-03-07 00:34:39'),(37,5,33,'manual',0.00,'2026-03-07 00:35:11','2026-03-07 00:35:11'),(38,4,33,'manual',0.00,'2026-03-07 00:35:11','2026-03-07 00:35:11'),(39,7,33,'manual',0.00,'2026-03-07 00:35:11','2026-03-07 00:35:11'),(40,5,34,'manual',0.00,'2026-03-07 00:35:38','2026-03-07 00:35:38'),(41,4,34,'manual',0.00,'2026-03-07 00:35:38','2026-03-07 00:35:38'),(42,7,34,'manual',0.00,'2026-03-07 00:35:38','2026-03-07 00:35:38'),(43,5,35,'manual',0.00,'2026-03-07 00:36:08','2026-03-07 00:36:08'),(44,4,35,'manual',0.00,'2026-03-07 00:36:08','2026-03-07 00:36:08'),(45,7,35,'manual',0.00,'2026-03-07 00:36:08','2026-03-07 00:36:08'),(46,5,36,'manual',0.00,'2026-03-07 00:36:38','2026-03-07 00:36:38'),(47,4,36,'manual',0.00,'2026-03-07 00:36:38','2026-03-07 00:36:38'),(48,7,36,'manual',0.00,'2026-03-07 00:36:38','2026-03-07 00:36:38'),(49,5,6,'manual',0.00,'2026-03-07 01:24:42','2026-03-12 06:43:19'),(50,4,6,'percent',40.00,'2026-03-07 01:24:42','2026-03-12 06:43:19'),(51,7,6,'manual',0.00,'2026-03-07 01:24:42','2026-03-12 06:43:19'),(52,5,37,'manual',0.00,'2026-03-07 01:26:20','2026-03-07 01:26:20'),(53,4,37,'manual',0.00,'2026-03-07 01:26:20','2026-03-07 01:26:20'),(54,7,37,'manual',0.00,'2026-03-07 01:26:20','2026-03-07 01:26:20'),(55,5,38,'manual',0.00,'2026-03-07 01:52:57','2026-03-28 21:38:34'),(56,4,38,'percent',40.00,'2026-03-07 01:52:57','2026-03-28 21:38:34'),(57,7,38,'manual',0.00,'2026-03-07 01:52:57','2026-03-28 21:38:34'),(61,5,40,'manual',0.00,'2026-03-10 02:18:09','2026-03-10 17:26:33'),(62,4,40,'manual',0.00,'2026-03-10 02:18:09','2026-03-10 17:26:33'),(63,7,40,'manual',0.00,'2026-03-10 02:18:09','2026-03-10 17:26:33'),(64,5,41,'manual',0.00,'2026-03-10 21:49:33','2026-03-10 21:49:33'),(65,4,41,'manual',0.00,'2026-03-10 21:49:33','2026-03-10 21:49:33'),(66,7,41,'manual',0.00,'2026-03-10 21:49:33','2026-03-10 21:49:33'),(67,5,42,'manual',0.00,'2026-03-11 19:30:35','2026-03-11 19:33:46'),(68,4,42,'fixed',500000.00,'2026-03-11 19:30:35','2026-03-11 19:33:46'),(69,7,42,'manual',0.00,'2026-03-11 19:30:35','2026-03-11 19:33:46'),(70,5,43,'manual',0.00,'2026-03-11 19:31:31','2026-03-11 19:33:06'),(71,4,43,'fixed',1000000.00,'2026-03-11 19:31:31','2026-03-11 19:33:06'),(72,7,43,'manual',0.00,'2026-03-11 19:31:31','2026-03-11 19:33:06'),(73,5,44,'manual',0.00,'2026-03-11 19:32:33','2026-03-11 19:32:33'),(74,4,44,'fixed',1500000.00,'2026-03-11 19:32:33','2026-03-11 19:32:33'),(75,7,44,'manual',0.00,'2026-03-11 19:32:33','2026-03-11 19:32:33'),(79,5,46,'manual',0.00,'2026-03-11 21:11:50','2026-03-28 21:38:02'),(80,4,46,'manual',0.00,'2026-03-11 21:11:50','2026-03-28 21:38:02'),(81,7,46,'manual',0.00,'2026-03-11 21:11:50','2026-03-28 21:38:02'),(82,5,47,'manual',0.00,'2026-03-11 21:12:57','2026-03-28 23:32:19'),(83,4,47,'percent',40.00,'2026-03-11 21:12:57','2026-03-28 23:32:19'),(84,7,47,'manual',0.00,'2026-03-11 21:12:57','2026-03-28 23:32:19'),(85,5,48,'manual',0.00,'2026-03-11 21:15:16','2026-03-11 23:55:17'),(86,4,48,'manual',0.00,'2026-03-11 21:15:16','2026-03-11 23:55:17'),(87,7,48,'manual',0.00,'2026-03-11 21:15:16','2026-03-11 23:55:17'),(88,5,51,'manual',0.00,'2026-03-11 21:33:22','2026-03-11 21:41:49'),(89,4,51,'percent',40.00,'2026-03-11 21:33:22','2026-03-11 21:41:49'),(90,7,51,'manual',0.00,'2026-03-11 21:33:22','2026-03-11 21:41:49'),(91,5,52,'manual',0.00,'2026-03-11 21:36:48','2026-03-11 21:36:48'),(92,4,52,'percent',40.00,'2026-03-11 21:36:48','2026-03-11 21:36:48'),(93,7,52,'manual',0.00,'2026-03-11 21:36:48','2026-03-11 21:36:48'),(94,5,53,'manual',0.00,'2026-03-12 00:42:18','2026-03-12 00:42:18'),(95,4,53,'manual',0.00,'2026-03-12 00:42:18','2026-03-12 00:42:18'),(96,7,53,'manual',0.00,'2026-03-12 00:42:18','2026-03-12 00:42:18'),(97,5,54,'manual',0.00,'2026-03-13 01:37:07','2026-03-13 01:37:07'),(98,4,54,'manual',0.00,'2026-03-13 01:37:07','2026-03-13 01:37:07'),(99,7,54,'manual',0.00,'2026-03-13 01:37:07','2026-03-13 01:37:07'),(100,5,55,'manual',0.00,'2026-03-13 01:37:45','2026-03-13 01:37:45'),(101,4,55,'manual',0.00,'2026-03-13 01:37:45','2026-03-13 01:37:45'),(102,7,55,'manual',0.00,'2026-03-13 01:37:45','2026-03-13 01:37:45'),(103,5,56,'manual',0.00,'2026-03-13 01:38:30','2026-03-13 01:38:30'),(104,4,56,'manual',0.00,'2026-03-13 01:38:30','2026-03-13 01:38:30'),(105,7,56,'manual',0.00,'2026-03-13 01:38:30','2026-03-13 01:38:30'),(106,5,57,'manual',0.00,'2026-03-13 01:38:56','2026-03-13 01:38:56'),(107,4,57,'manual',0.00,'2026-03-13 01:38:56','2026-03-13 01:38:56'),(108,7,57,'manual',0.00,'2026-03-13 01:38:56','2026-03-13 01:38:56'),(109,5,58,'manual',0.00,'2026-03-13 01:39:21','2026-03-13 01:39:21'),(110,4,58,'manual',0.00,'2026-03-13 01:39:21','2026-03-13 01:39:21'),(111,7,58,'manual',0.00,'2026-03-13 01:39:21','2026-03-13 01:39:21'),(112,5,59,'manual',0.00,'2026-03-13 01:40:47','2026-03-13 01:40:47'),(113,4,59,'percent',40.00,'2026-03-13 01:40:47','2026-03-13 01:40:47'),(114,7,59,'manual',0.00,'2026-03-13 01:40:47','2026-03-13 01:40:47'),(115,5,60,'manual',0.00,'2026-03-15 22:24:45','2026-03-15 22:24:45'),(116,4,60,'manual',0.00,'2026-03-15 22:24:45','2026-03-15 22:24:45'),(117,7,60,'manual',0.00,'2026-03-15 22:24:45','2026-03-15 22:24:45'),(118,5,61,'manual',0.00,'2026-03-23 20:36:56','2026-03-23 20:36:56'),(119,4,61,'percent',40.00,'2026-03-23 20:36:56','2026-03-23 20:36:56'),(120,7,61,'manual',0.00,'2026-03-23 20:36:56','2026-03-23 20:36:56'),(121,5,62,'manual',0.00,'2026-03-25 05:51:46','2026-03-25 05:51:46'),(122,4,62,'percent',40.00,'2026-03-25 05:51:46','2026-03-25 05:51:46'),(123,7,62,'manual',0.00,'2026-03-25 05:51:46','2026-03-25 05:51:46'),(124,5,63,'manual',0.00,'2026-03-25 06:06:08','2026-03-25 06:06:08'),(125,4,63,'manual',0.00,'2026-03-25 06:06:08','2026-03-25 06:06:08'),(126,7,63,'manual',0.00,'2026-03-25 06:06:08','2026-03-25 06:06:08'),(127,5,64,'manual',0.00,'2026-03-25 06:33:24','2026-03-25 06:33:24'),(128,4,64,'percent',40.00,'2026-03-25 06:33:24','2026-03-25 06:33:24'),(129,7,64,'manual',0.00,'2026-03-25 06:33:24','2026-03-25 06:33:24'),(130,5,65,'manual',0.00,'2026-03-29 17:55:47','2026-03-30 04:42:14'),(131,4,65,'manual',0.00,'2026-03-29 17:55:47','2026-03-30 04:42:14'),(132,7,65,'manual',0.00,'2026-03-29 17:55:47','2026-03-30 04:42:14'),(133,5,66,'manual',0.00,'2026-03-29 17:56:30','2026-03-30 05:06:20'),(134,4,66,'manual',0.00,'2026-03-29 17:56:30','2026-03-30 05:06:20'),(135,7,66,'manual',0.00,'2026-03-29 17:56:30','2026-03-30 05:06:20'),(136,5,67,'manual',0.00,'2026-03-29 18:47:24','2026-03-30 06:05:20'),(137,4,67,'manual',0.00,'2026-03-29 18:47:24','2026-03-30 06:05:20'),(138,7,67,'manual',0.00,'2026-03-29 18:47:24','2026-03-30 06:05:20');
/*!40000 ALTER TABLE `doctor_treatment_fees` ENABLE KEYS */;
UNLOCK TABLES;

--
-- Table structure for table `doctors`
--

DROP TABLE IF EXISTS `doctors`;
/*!40101 SET @saved_cs_client     = @@character_set_client */;
/*!50503 SET character_set_client = utf8mb4 */;
CREATE TABLE `doctors` (
  `id` bigint unsigned NOT NULL AUTO_INCREMENT,
  `name` varchar(150) COLLATE utf8mb4_unicode_ci NOT NULL,
  `type` enum('owner','mitra','tamu') COLLATE utf8mb4_unicode_ci NOT NULL,
  `default_fee_percent` decimal(5,2) DEFAULT NULL,
  `is_active` tinyint NOT NULL DEFAULT '1',
  `created_at` timestamp NULL DEFAULT NULL,
  `updated_at` timestamp NULL DEFAULT NULL,
  PRIMARY KEY (`id`)
) ENGINE=InnoDB AUTO_INCREMENT=8 DEFAULT CHARSET=utf8mb4 COLLATE=utf8mb4_unicode_ci;
/*!40101 SET character_set_client = @saved_cs_client */;

--
-- Dumping data for table `doctors`
--

LOCK TABLES `doctors` WRITE;
/*!40000 ALTER TABLE `doctors` DISABLE KEYS */;
INSERT INTO `doctors` VALUES (4,'drg. Yunitha Maretha','mitra',40.00,1,'2026-02-28 18:39:34','2026-02-28 18:39:34'),(5,'drg. Desly A.C Luhulima, M.K.M','owner',0.00,1,'2026-02-28 18:43:25','2026-02-28 18:43:25'),(7,'drg. Anita','tamu',0.00,1,'2026-03-01 07:13:29','2026-03-01 07:45:04');
/*!40000 ALTER TABLE `doctors` ENABLE KEYS */;
UNLOCK TABLES;

--
-- Table structure for table `expense_categories`
--

DROP TABLE IF EXISTS `expense_categories`;
/*!40101 SET @saved_cs_client     = @@character_set_client */;
/*!50503 SET character_set_client = utf8mb4 */;
CREATE TABLE `expense_categories` (
  `id` bigint unsigned NOT NULL AUTO_INCREMENT,
  `created_at` timestamp NULL DEFAULT NULL,
  `updated_at` timestamp NULL DEFAULT NULL,
  PRIMARY KEY (`id`)
) ENGINE=InnoDB DEFAULT CHARSET=utf8mb4 COLLATE=utf8mb4_unicode_ci;
/*!40101 SET character_set_client = @saved_cs_client */;

--
-- Dumping data for table `expense_categories`
--

LOCK TABLES `expense_categories` WRITE;
/*!40000 ALTER TABLE `expense_categories` DISABLE KEYS */;
/*!40000 ALTER TABLE `expense_categories` ENABLE KEYS */;
UNLOCK TABLES;

--
-- Table structure for table `expenses`
--

DROP TABLE IF EXISTS `expenses`;
/*!40101 SET @saved_cs_client     = @@character_set_client */;
/*!50503 SET character_set_client = utf8mb4 */;
CREATE TABLE `expenses` (
  `id` bigint unsigned NOT NULL AUTO_INCREMENT,
  `expense_date` date NOT NULL,
  `name` varchar(255) COLLATE utf8mb4_unicode_ci NOT NULL,
  `pay_method` enum('TUNAI','BCA','BNI','BRI') COLLATE utf8mb4_unicode_ci NOT NULL,
  `amount` decimal(15,2) NOT NULL DEFAULT '0.00',
  `is_private` tinyint(1) NOT NULL DEFAULT '0',
  `created_by` bigint unsigned DEFAULT NULL,
  `created_at` timestamp NULL DEFAULT NULL,
  `updated_at` timestamp NULL DEFAULT NULL,
  PRIMARY KEY (`id`),
  KEY `expenses_expense_date_index` (`expense_date`),
  KEY `expenses_pay_method_index` (`pay_method`),
  KEY `expenses_is_private_index` (`is_private`),
  KEY `expenses_created_by_index` (`created_by`),
  CONSTRAINT `expenses_created_by_foreign` FOREIGN KEY (`created_by`) REFERENCES `users` (`id`) ON DELETE SET NULL
) ENGINE=InnoDB AUTO_INCREMENT=33 DEFAULT CHARSET=utf8mb4 COLLATE=utf8mb4_unicode_ci;
/*!40101 SET character_set_client = @saved_cs_client */;

--
-- Dumping data for table `expenses`
--

LOCK TABLES `expenses` WRITE;
/*!40000 ALTER TABLE `expenses` DISABLE KEYS */;
INSERT INTO `expenses` VALUES (1,'2026-03-11','DISPO 3 cc','TUNAI',20000.00,0,1,'2026-03-11 21:55:26','2026-03-11 21:55:26'),(2,'2026-03-11','KONSUMSI drg. Yun','TUNAI',40000.00,0,1,'2026-03-11 21:55:58','2026-03-11 22:12:59'),(3,'2026-03-11','KONSUMSI TIM','TUNAI',100000.00,0,1,'2026-03-11 21:56:17','2026-03-11 22:12:50'),(4,'2026-03-12','Loundry','TUNAI',42000.00,0,1,'2026-03-12 07:59:23','2026-03-12 07:59:23'),(5,'2026-03-12','KONSUMSI drg. Yun','TUNAI',44000.00,0,1,'2026-03-12 07:59:50','2026-03-12 07:59:50'),(6,'2026-03-12','KONSUMSI TIM','TUNAI',100000.00,0,1,'2026-03-12 08:00:08','2026-03-12 08:00:08'),(7,'2026-03-10','BETADINE KUMUR 2 BOTOL','TUNAI',80000.00,0,1,'2026-03-13 00:47:56','2026-03-13 00:47:56'),(8,'2026-03-10','OBAT BPJS','TUNAI',5000.00,0,1,'2026-03-13 00:48:34','2026-03-13 00:48:34'),(9,'2026-03-10','Loundry','TUNAI',57000.00,0,1,'2026-03-13 00:48:57','2026-03-13 00:48:57'),(10,'2026-03-10','KONSUMSI TIM','TUNAI',100000.00,0,1,'2026-03-13 00:50:30','2026-03-13 00:50:30'),(11,'2026-03-10','KONSUMSI drg. Yun','TUNAI',45000.00,0,1,'2026-03-13 00:50:51','2026-03-13 00:50:51'),(13,'2026-03-14','KONSUMSI TIM','TUNAI',100000.00,0,3,'2026-03-15 22:20:51','2026-03-15 22:20:51'),(14,'2026-03-14','BAYAR AQUA 2 GALON','TUNAI',12000.00,0,3,'2026-03-15 22:21:41','2026-03-15 22:21:41'),(15,'2026-03-14','BELI JALANGKOTE','TUNAI',10000.00,0,3,'2026-03-15 22:22:07','2026-03-15 22:22:07'),(16,'2026-03-14','BELI PISANG IJO','TUNAI',50000.00,0,3,'2026-03-15 22:22:32','2026-03-15 22:22:32'),(17,'2026-03-17','KONSUMSI TIM','TUNAI',100000.00,0,3,'2026-03-23 20:31:44','2026-03-23 20:31:44'),(18,'2026-03-17','KONSUMSI drg.Yunita','TUNAI',50000.00,0,3,'2026-03-23 20:32:27','2026-03-23 20:32:27'),(19,'2026-03-25','KONSUMSI TIM','TUNAI',100000.00,0,3,'2026-03-25 05:12:59','2026-03-25 05:12:59'),(20,'2026-03-25','KONSUMSI drg.Yunita','TUNAI',52000.00,0,3,'2026-03-25 06:28:35','2026-03-25 06:28:35'),(21,'2026-03-25','ONGKIR OBAT','TUNAI',10000.00,0,3,'2026-03-25 06:29:34','2026-03-25 06:29:34'),(22,'2026-03-28','aqua galon 2','TUNAI',63000.00,0,3,'2026-03-27 23:23:50','2026-03-27 23:23:50'),(23,'2026-03-28','Aqua Gelas 1 Karton','TUNAI',59100.00,0,3,'2026-03-27 23:24:22','2026-03-27 23:24:22'),(24,'2026-03-28','KONSUMSI TIM','TUNAI',100000.00,0,3,'2026-03-27 23:24:36','2026-03-27 23:24:36'),(25,'2026-03-02','Alkohol 1','TUNAI',50000.00,0,3,'2026-03-28 21:32:09','2026-03-28 21:32:09'),(26,'2026-03-02','KONSUMSI TIM','TUNAI',100000.00,0,3,'2026-03-28 21:32:31','2026-03-28 21:32:31'),(27,'2026-03-03','Obat BPJS','TUNAI',25000.00,0,3,'2026-03-28 22:10:01','2026-03-28 22:10:01'),(28,'2026-03-03','Ongkir Kue Dokter','TUNAI',15000.00,0,3,'2026-03-28 22:10:38','2026-03-28 22:10:38'),(29,'2026-03-03','KONSUMSI drg.Yunita','TUNAI',50000.00,0,3,'2026-03-28 22:11:10','2026-03-28 22:12:08'),(30,'2026-03-03','Londry','TUNAI',33000.00,0,3,'2026-03-28 22:13:09','2026-03-28 22:13:57'),(31,'2026-03-03','KONSUMSI TIM','TUNAI',100000.00,0,1,'2026-03-28 22:14:20','2026-03-28 22:20:26'),(32,'2026-03-04','KONSUMSI TIM','TUNAI',100000.00,0,3,'2026-03-29 18:58:07','2026-03-29 18:58:07');
/*!40000 ALTER TABLE `expenses` ENABLE KEYS */;
UNLOCK TABLES;

--
-- Table structure for table `failed_jobs`
--

DROP TABLE IF EXISTS `failed_jobs`;
/*!40101 SET @saved_cs_client     = @@character_set_client */;
/*!50503 SET character_set_client = utf8mb4 */;
CREATE TABLE `failed_jobs` (
  `id` bigint unsigned NOT NULL AUTO_INCREMENT,
  `uuid` varchar(255) COLLATE utf8mb4_unicode_ci NOT NULL,
  `connection` text COLLATE utf8mb4_unicode_ci NOT NULL,
  `queue` text COLLATE utf8mb4_unicode_ci NOT NULL,
  `payload` longtext COLLATE utf8mb4_unicode_ci NOT NULL,
  `exception` longtext COLLATE utf8mb4_unicode_ci NOT NULL,
  `failed_at` timestamp NOT NULL DEFAULT CURRENT_TIMESTAMP,
  PRIMARY KEY (`id`),
  UNIQUE KEY `failed_jobs_uuid_unique` (`uuid`)
) ENGINE=InnoDB DEFAULT CHARSET=utf8mb4 COLLATE=utf8mb4_unicode_ci;
/*!40101 SET character_set_client = @saved_cs_client */;

--
-- Dumping data for table `failed_jobs`
--

LOCK TABLES `failed_jobs` WRITE;
/*!40000 ALTER TABLE `failed_jobs` DISABLE KEYS */;
/*!40000 ALTER TABLE `failed_jobs` ENABLE KEYS */;
UNLOCK TABLES;

--
-- Table structure for table `income_transaction_items`
--

DROP TABLE IF EXISTS `income_transaction_items`;
/*!40101 SET @saved_cs_client     = @@character_set_client */;
/*!50503 SET character_set_client = utf8mb4 */;
CREATE TABLE `income_transaction_items` (
  `id` bigint unsigned NOT NULL AUTO_INCREMENT,
  `transaction_id` bigint unsigned NOT NULL,
  `treatment_id` bigint unsigned NOT NULL,
  `qty` decimal(15,2) NOT NULL DEFAULT '1.00',
  `unit_price` decimal(15,2) NOT NULL DEFAULT '0.00',
  `discount_amount` decimal(15,2) NOT NULL DEFAULT '0.00',
  `zero_reason` varchar(255) COLLATE utf8mb4_unicode_ci DEFAULT NULL,
  `subtotal` decimal(15,2) NOT NULL DEFAULT '0.00',
  `fee_amount` decimal(15,2) NOT NULL DEFAULT '0.00',
  `created_at` timestamp NULL DEFAULT NULL,
  `updated_at` timestamp NULL DEFAULT NULL,
  PRIMARY KEY (`id`),
  KEY `income_transaction_items_transaction_id_index` (`transaction_id`),
  KEY `income_transaction_items_treatment_id_index` (`treatment_id`),
  CONSTRAINT `income_transaction_items_transaction_id_foreign` FOREIGN KEY (`transaction_id`) REFERENCES `income_transactions` (`id`) ON DELETE CASCADE,
  CONSTRAINT `income_transaction_items_treatment_id_foreign` FOREIGN KEY (`treatment_id`) REFERENCES `treatments` (`id`)
) ENGINE=InnoDB AUTO_INCREMENT=170 DEFAULT CHARSET=utf8mb4 COLLATE=utf8mb4_unicode_ci;
/*!40101 SET character_set_client = @saved_cs_client */;

--
-- Dumping data for table `income_transaction_items`
--

LOCK TABLES `income_transaction_items` WRITE;
/*!40000 ALTER TABLE `income_transaction_items` DISABLE KEYS */;
INSERT INTO `income_transaction_items` VALUES (1,1,38,1.00,300000.00,0.00,NULL,300000.00,0.00,'2026-03-11 19:54:09','2026-03-11 19:54:09'),(3,3,46,1.00,300000.00,0.00,NULL,300000.00,0.00,'2026-03-11 21:27:49','2026-03-11 21:27:49'),(4,4,46,1.00,300000.00,0.00,NULL,300000.00,0.00,'2026-03-11 21:28:33','2026-03-11 21:28:33'),(6,6,51,1.00,350000.00,0.00,NULL,350000.00,140000.00,'2026-03-11 21:42:09','2026-03-11 21:42:09'),(7,7,6,1.00,150000.00,0.00,NULL,150000.00,0.00,'2026-03-11 21:49:22','2026-03-11 21:49:22'),(8,8,52,1.00,400000.00,0.00,NULL,400000.00,160000.00,'2026-03-11 21:51:38','2026-03-11 21:51:38'),(9,10,51,1.00,350000.00,0.00,NULL,350000.00,140000.00,'2026-03-11 21:54:10','2026-03-11 21:54:10'),(11,12,48,1.00,900000.00,0.00,NULL,900000.00,0.00,'2026-03-11 23:55:43','2026-03-11 23:55:43'),(12,13,53,1.00,350000.00,0.00,NULL,350000.00,0.00,'2026-03-12 00:43:50','2026-03-12 00:43:50'),(13,9,51,5.00,350000.00,0.00,NULL,1750000.00,700000.00,'2026-03-12 00:45:12','2026-03-12 00:45:12'),(14,14,6,1.00,150000.00,0.00,NULL,150000.00,0.00,'2026-03-12 01:06:41','2026-03-12 01:06:41'),(15,15,47,1.00,0.00,0.00,NULL,0.00,0.00,'2026-03-12 01:11:15','2026-03-12 01:11:15'),(16,17,28,1.00,5000000.00,0.00,NULL,5000000.00,0.00,'2026-03-12 01:15:47','2026-03-12 01:15:47'),(17,18,53,1.00,350000.00,0.00,NULL,350000.00,0.00,'2026-03-12 07:27:52','2026-03-12 07:27:52'),(18,19,38,1.00,300000.00,0.00,NULL,300000.00,0.00,'2026-03-12 07:31:57','2026-03-12 07:31:57'),(19,20,53,1.00,350000.00,0.00,NULL,350000.00,0.00,'2026-03-12 07:33:16','2026-03-12 07:33:16'),(20,21,53,1.00,350000.00,0.00,NULL,350000.00,0.00,'2026-03-12 07:34:28','2026-03-12 07:34:28'),(21,22,51,3.00,350000.00,0.00,NULL,1050000.00,420000.00,'2026-03-12 07:37:49','2026-03-12 07:37:49'),(22,23,43,1.00,1500000.00,0.00,NULL,1500000.00,1000000.00,'2026-03-12 07:48:47','2026-03-12 07:48:47'),(23,24,6,1.00,150000.00,0.00,NULL,150000.00,60000.00,'2026-03-12 07:52:13','2026-03-12 07:52:13'),(24,25,51,3.00,350000.00,0.00,NULL,1050000.00,420000.00,'2026-03-12 07:54:18','2026-03-12 07:54:18'),(25,26,9,1.00,350000.00,0.00,NULL,350000.00,140000.00,'2026-03-12 07:56:10','2026-03-12 07:56:10'),(26,26,20,1.00,250000.00,0.00,NULL,250000.00,100000.00,'2026-03-12 07:56:23','2026-03-12 07:56:23'),(27,27,52,1.00,300000.00,0.00,NULL,300000.00,120000.00,'2026-03-12 07:58:28','2026-03-12 07:58:28'),(28,28,53,1.00,350000.00,0.00,NULL,350000.00,0.00,'2026-03-12 08:16:29','2026-03-12 08:16:29'),(29,30,46,2.00,300000.00,0.00,NULL,600000.00,0.00,'2026-03-13 00:20:24','2026-03-13 00:20:24'),(30,30,52,1.00,300000.00,0.00,NULL,300000.00,0.00,'2026-03-13 00:21:08','2026-03-13 00:21:08'),(31,31,38,1.00,300000.00,0.00,NULL,300000.00,0.00,'2026-03-13 00:23:03','2026-03-13 00:23:03'),(32,32,26,1.00,350000.00,0.00,NULL,350000.00,0.00,'2026-03-13 00:24:38','2026-03-13 00:24:38'),(33,33,52,1.00,300000.00,0.00,NULL,300000.00,120000.00,'2026-03-13 00:26:51','2026-03-13 00:26:51'),(34,34,51,3.00,350000.00,0.00,NULL,1050000.00,420000.00,'2026-03-13 00:28:41','2026-03-13 00:28:41'),(37,34,9,1.00,350000.00,0.00,NULL,350000.00,140000.00,'2026-03-13 00:31:15','2026-03-13 00:31:15'),(38,34,52,1.00,400000.00,0.00,NULL,400000.00,160000.00,'2026-03-13 00:31:45','2026-03-13 00:31:45'),(39,35,9,1.00,350000.00,0.00,NULL,350000.00,140000.00,'2026-03-13 00:33:32','2026-03-13 00:33:32'),(40,35,20,1.00,250000.00,0.00,NULL,250000.00,100000.00,'2026-03-13 00:33:48','2026-03-13 00:33:48'),(41,36,9,1.00,350000.00,0.00,NULL,350000.00,140000.00,'2026-03-13 00:41:19','2026-03-13 00:41:19'),(42,36,20,1.00,250000.00,0.00,NULL,250000.00,100000.00,'2026-03-13 00:41:34','2026-03-13 00:41:34'),(43,37,9,1.00,350000.00,0.00,NULL,350000.00,140000.00,'2026-03-13 00:43:19','2026-03-13 00:43:19'),(44,38,47,3.00,300000.00,0.00,NULL,900000.00,0.00,'2026-03-13 01:00:52','2026-03-13 01:00:52'),(45,39,55,1.00,400000.00,0.00,NULL,400000.00,0.00,'2026-03-13 01:51:07','2026-03-13 01:51:07'),(47,41,9,2.00,350000.00,0.00,NULL,700000.00,0.00,'2026-03-15 21:51:41','2026-03-15 21:51:41'),(48,42,51,3.00,350000.00,0.00,NULL,1050000.00,0.00,'2026-03-15 21:54:43','2026-03-15 21:54:43'),(49,43,46,1.00,300000.00,0.00,NULL,300000.00,0.00,'2026-03-15 21:57:00','2026-03-15 21:57:00'),(50,44,26,1.00,350000.00,0.00,NULL,350000.00,0.00,'2026-03-15 21:58:48','2026-03-15 21:58:48'),(51,44,51,2.00,350000.00,0.00,NULL,700000.00,0.00,'2026-03-15 21:59:24','2026-03-15 21:59:24'),(52,45,53,1.00,350000.00,0.00,NULL,350000.00,0.00,'2026-03-15 22:02:52','2026-03-15 22:02:52'),(53,46,26,1.00,350000.00,0.00,NULL,350000.00,0.00,'2026-03-15 22:09:28','2026-03-15 22:09:28'),(54,46,20,1.00,250000.00,0.00,NULL,250000.00,0.00,'2026-03-15 22:09:41','2026-03-15 22:09:41'),(55,46,10,1.00,400000.00,0.00,NULL,400000.00,0.00,'2026-03-15 22:10:22','2026-03-15 22:10:22'),(56,47,10,1.00,400000.00,0.00,NULL,400000.00,0.00,'2026-03-15 22:12:14','2026-03-15 22:12:14'),(57,48,19,1.00,20000000.00,0.00,NULL,20000000.00,0.00,'2026-03-15 22:15:40','2026-03-15 22:15:40'),(58,49,41,1.00,2000000.00,0.00,NULL,2000000.00,0.00,'2026-03-15 22:17:32','2026-03-15 22:17:32'),(59,50,60,1.00,50000.00,0.00,NULL,50000.00,0.00,'2026-03-15 22:25:43','2026-03-15 22:25:43'),(60,52,41,1.00,2000000.00,0.00,NULL,2000000.00,0.00,'2026-03-23 18:50:27','2026-03-23 18:50:27'),(61,53,9,9.00,350000.00,0.00,NULL,3150000.00,1260000.00,'2026-03-23 18:53:21','2026-03-23 18:53:21'),(62,54,9,3.00,350000.00,0.00,NULL,1050000.00,420000.00,'2026-03-23 18:55:31','2026-03-23 18:55:31'),(63,55,6,1.00,150000.00,0.00,NULL,150000.00,60000.00,'2026-03-23 18:56:58','2026-03-23 18:56:58'),(64,56,52,1.00,400000.00,0.00,NULL,400000.00,160000.00,'2026-03-23 19:00:36','2026-03-23 19:00:36'),(66,57,52,2.00,300000.00,0.00,NULL,600000.00,240000.00,'2026-03-23 20:10:30','2026-03-23 20:10:30'),(67,58,9,1.00,350000.00,0.00,NULL,350000.00,140000.00,'2026-03-23 20:16:52','2026-03-23 20:16:52'),(68,58,47,1.00,300000.00,0.00,NULL,300000.00,120000.00,'2026-03-23 20:17:38','2026-03-23 20:17:38'),(69,59,61,1.00,250000.00,0.00,NULL,250000.00,100000.00,'2026-03-23 20:38:20','2026-03-23 20:38:20'),(70,59,10,1.00,400000.00,0.00,NULL,400000.00,160000.00,'2026-03-23 20:38:40','2026-03-23 20:38:40'),(71,59,9,2.00,350000.00,0.00,NULL,700000.00,280000.00,'2026-03-23 20:39:05','2026-03-23 20:39:05'),(72,59,47,1.00,300000.00,0.00,NULL,300000.00,120000.00,'2026-03-23 20:39:37','2026-03-23 20:39:37'),(73,59,20,1.00,250000.00,0.00,NULL,250000.00,100000.00,'2026-03-23 20:39:56','2026-03-23 20:39:56'),(74,59,52,1.00,300000.00,0.00,NULL,300000.00,120000.00,'2026-03-23 20:40:14','2026-03-23 20:40:14'),(75,60,9,2.00,350000.00,0.00,NULL,700000.00,0.00,'2026-03-23 22:06:12','2026-03-23 22:06:12'),(76,61,53,1.00,350000.00,0.00,NULL,350000.00,0.00,'2026-03-23 22:08:33','2026-03-23 22:08:33'),(78,63,54,1.00,350000.00,0.00,NULL,350000.00,0.00,'2026-03-25 05:10:43','2026-03-25 05:10:43'),(79,65,47,1.00,300000.00,0.00,NULL,300000.00,0.00,'2026-03-25 05:25:31','2026-03-25 05:25:31'),(80,65,51,1.00,350000.00,0.00,NULL,350000.00,0.00,'2026-03-25 05:25:58','2026-03-25 05:25:58'),(81,66,51,3.00,350000.00,0.00,NULL,1050000.00,420000.00,'2026-03-25 05:30:38','2026-03-25 05:30:38'),(82,67,9,1.00,350000.00,0.00,NULL,350000.00,140000.00,'2026-03-25 05:34:49','2026-03-25 05:34:49'),(83,68,51,9.00,350000.00,0.00,NULL,3150000.00,1260000.00,'2026-03-25 05:37:21','2026-03-25 05:37:21'),(84,68,9,1.00,350000.00,0.00,NULL,350000.00,140000.00,'2026-03-25 05:38:24','2026-03-25 05:38:24'),(85,69,51,4.00,350000.00,0.00,NULL,1400000.00,560000.00,'2026-03-25 05:40:41','2026-03-25 05:40:41'),(86,69,9,1.00,350000.00,0.00,NULL,350000.00,140000.00,'2026-03-25 05:41:11','2026-03-25 05:41:11'),(88,64,62,2.00,300000.00,0.00,NULL,600000.00,0.00,'2026-03-25 05:53:35','2026-03-25 05:53:35'),(89,64,47,1.00,300000.00,0.00,NULL,300000.00,0.00,'2026-03-25 05:53:52','2026-03-25 05:53:52'),(90,71,6,1.00,150000.00,0.00,NULL,150000.00,60000.00,'2026-03-25 05:59:43','2026-03-25 05:59:43'),(91,72,63,1.00,0.00,0.00,NULL,0.00,0.00,'2026-03-25 06:17:23','2026-03-25 06:17:23'),(92,73,22,3.00,750000.00,0.00,NULL,2250000.00,0.00,'2026-03-25 06:27:08','2026-03-25 06:27:08'),(93,74,64,2.00,300000.00,0.00,NULL,600000.00,0.00,'2026-03-25 06:34:14','2026-03-25 06:34:14'),(94,74,53,1.00,350000.00,0.00,NULL,350000.00,0.00,'2026-03-25 06:34:58','2026-03-25 06:34:58'),(109,83,59,1.00,200000.00,0.00,NULL,200000.00,0.00,'2026-03-26 15:24:06','2026-03-26 15:24:06'),(110,83,11,1.00,500000.00,0.00,NULL,500000.00,0.00,'2026-03-26 15:24:37','2026-03-26 15:24:37'),(111,84,59,2.00,200000.00,0.00,NULL,400000.00,0.00,'2026-03-26 16:00:55','2026-03-26 16:00:55'),(112,85,42,1.00,1000000.00,0.00,NULL,1000000.00,0.00,'2026-03-26 16:10:34','2026-03-26 16:10:34'),(113,86,59,1.00,200000.00,0.00,NULL,200000.00,0.00,'2026-03-26 16:28:09','2026-03-26 16:28:09'),(114,86,10,1.00,400000.00,0.00,NULL,400000.00,0.00,'2026-03-26 16:29:03','2026-03-26 16:29:03'),(115,87,20,1.00,250000.00,0.00,NULL,250000.00,0.00,'2026-03-26 16:42:02','2026-03-26 16:42:02'),(116,87,55,1.00,400000.00,100000.00,NULL,300000.00,0.00,'2026-03-27 00:51:43','2026-03-27 00:51:43'),(117,88,61,1.00,250000.00,0.00,NULL,250000.00,0.00,'2026-03-27 23:01:55','2026-03-27 23:01:55'),(118,88,9,1.00,350000.00,0.00,NULL,350000.00,0.00,'2026-03-27 23:02:11','2026-03-27 23:02:11'),(119,89,37,1.00,350000.00,0.00,NULL,350000.00,0.00,'2026-03-27 23:04:46','2026-03-27 23:04:46'),(120,90,9,1.00,350000.00,0.00,NULL,350000.00,0.00,'2026-03-27 23:06:18','2026-03-27 23:06:18'),(121,91,37,1.00,350000.00,0.00,NULL,350000.00,0.00,'2026-03-27 23:07:23','2026-03-27 23:07:23'),(122,91,55,1.00,400000.00,0.00,NULL,400000.00,0.00,'2026-03-27 23:08:10','2026-03-27 23:08:10'),(124,93,26,1.00,350000.00,0.00,NULL,350000.00,0.00,'2026-03-27 23:15:29','2026-03-27 23:15:29'),(125,94,51,1.00,0.00,0.00,NULL,0.00,0.00,'2026-03-27 23:17:11','2026-03-27 23:17:11'),(126,95,26,1.00,350000.00,0.00,NULL,350000.00,0.00,'2026-03-28 00:06:13','2026-03-28 00:06:13'),(127,96,9,1.00,0.00,0.00,NULL,0.00,0.00,'2026-03-28 06:07:25','2026-03-28 06:07:25'),(130,99,9,1.00,350000.00,0.00,NULL,350000.00,0.00,'2026-03-28 07:25:33','2026-03-28 07:25:33'),(131,99,51,1.00,350000.00,0.00,NULL,350000.00,0.00,'2026-03-28 07:25:53','2026-03-28 07:25:53'),(132,100,53,1.00,350000.00,0.00,NULL,350000.00,0.00,'2026-03-28 21:11:39','2026-03-28 21:11:39'),(133,101,53,1.00,350000.00,0.00,NULL,350000.00,0.00,'2026-03-28 21:13:31','2026-03-28 21:13:31'),(134,102,6,1.00,150000.00,150000.00,NULL,0.00,0.00,'2026-03-28 21:15:27','2026-03-28 21:15:27'),(135,103,63,1.00,10.00,10.00,NULL,0.00,0.00,'2026-03-28 21:28:51','2026-03-28 21:28:51'),(136,104,37,1.00,0.00,0.00,NULL,0.00,0.00,'2026-03-28 21:41:41','2026-03-28 21:41:41'),(137,105,37,1.00,350000.00,0.00,NULL,350000.00,0.00,'2026-03-28 21:46:40','2026-03-28 21:46:40'),(138,106,38,2.00,300000.00,0.00,NULL,600000.00,0.00,'2026-03-28 21:48:39','2026-03-28 21:48:39'),(139,107,10,1.00,400000.00,0.00,NULL,400000.00,0.00,'2026-03-28 21:51:00','2026-03-28 21:51:00'),(140,108,9,1.00,350000.00,0.00,NULL,350000.00,0.00,'2026-03-28 21:54:42','2026-03-28 21:54:42'),(141,109,9,1.00,350000.00,0.00,NULL,350000.00,0.00,'2026-03-28 21:56:28','2026-03-28 21:56:28'),(142,110,53,1.00,350000.00,0.00,NULL,350000.00,0.00,'2026-03-28 21:57:32','2026-03-28 21:57:32'),(143,111,52,1.00,300000.00,0.00,NULL,300000.00,120000.00,'2026-03-28 22:00:29','2026-03-28 22:00:29'),(144,112,47,1.00,300000.00,0.00,NULL,300000.00,120000.00,'2026-03-28 22:01:38','2026-03-28 22:01:38'),(145,113,47,2.00,300000.00,0.00,NULL,600000.00,240000.00,'2026-03-28 22:04:50','2026-03-28 22:04:50'),(146,114,9,1.00,350000.00,0.00,NULL,350000.00,140000.00,'2026-03-28 22:05:50','2026-03-28 22:05:50'),(147,115,9,3.00,350000.00,0.00,NULL,1050000.00,420000.00,'2026-03-28 22:07:44','2026-03-28 22:07:44'),(148,116,6,1.00,150000.00,0.00,NULL,150000.00,60000.00,'2026-03-28 22:08:38','2026-03-28 22:08:38'),(150,118,65,1.00,100.00,100.00,NULL,0.00,0.00,'2026-03-29 18:01:52','2026-03-29 18:01:52'),(152,121,51,2.00,350000.00,0.00,NULL,700000.00,0.00,'2026-03-29 18:05:33','2026-03-29 18:05:33'),(153,121,67,1.00,100.00,100.00,NULL,0.00,0.00,'2026-03-29 18:47:54','2026-03-29 18:47:54'),(154,122,53,1.00,350000.00,0.00,NULL,350000.00,0.00,'2026-03-29 18:50:16','2026-03-29 18:50:16'),(155,118,26,1.00,350000.00,0.00,NULL,350000.00,0.00,'2026-03-29 18:51:39','2026-03-29 18:51:39'),(162,124,66,1.00,0.00,0.00,NULL,0.00,0.00,'2026-03-30 05:06:54','2026-03-30 05:06:54'),(163,123,65,1.00,0.00,0.00,NULL,0.00,0.00,'2026-03-30 05:09:42','2026-03-30 05:09:42'),(164,120,66,1.00,0.00,0.00,NULL,0.00,0.00,'2026-03-30 05:11:59','2026-03-30 05:11:59'),(168,131,66,1.00,0.00,0.00,NULL,0.00,0.00,'2026-03-30 06:08:39','2026-03-30 06:08:39');
/*!40000 ALTER TABLE `income_transaction_items` ENABLE KEYS */;
UNLOCK TABLES;

--
-- Table structure for table `income_transactions`
--

DROP TABLE IF EXISTS `income_transactions`;
/*!40101 SET @saved_cs_client     = @@character_set_client */;
/*!50503 SET character_set_client = utf8mb4 */;
CREATE TABLE `income_transactions` (
  `id` bigint unsigned NOT NULL AUTO_INCREMENT,
  `invoice_number` varchar(40) COLLATE utf8mb4_unicode_ci NOT NULL,
  `trx_date` date NOT NULL,
  `doctor_id` bigint unsigned NOT NULL,
  `patient_id` bigint unsigned DEFAULT NULL,
  `payer_type` varchar(20) COLLATE utf8mb4_unicode_ci NOT NULL DEFAULT 'umum',
  `ortho_case_mode` varchar(20) COLLATE utf8mb4_unicode_ci NOT NULL DEFAULT 'none',
  `status` enum('draft','paid','cancelled','void') COLLATE utf8mb4_unicode_ci NOT NULL DEFAULT 'paid',
  `bill_total` decimal(15,2) NOT NULL DEFAULT '0.00',
  `doctor_fee_total` decimal(15,2) NOT NULL DEFAULT '0.00',
  `pay_total` decimal(15,2) NOT NULL DEFAULT '0.00',
  `visibility` enum('public','private') COLLATE utf8mb4_unicode_ci NOT NULL DEFAULT 'public',
  `notes` text COLLATE utf8mb4_unicode_ci,
  `created_by` bigint unsigned NOT NULL,
  `receipt_verify_code` varchar(80) COLLATE utf8mb4_unicode_ci DEFAULT NULL,
  `receipt_pdf_path` varchar(255) COLLATE utf8mb4_unicode_ci DEFAULT NULL,
  `created_at` timestamp NULL DEFAULT NULL,
  `updated_at` timestamp NULL DEFAULT NULL,
  PRIMARY KEY (`id`),
  UNIQUE KEY `income_transactions_invoice_number_unique` (`invoice_number`),
  UNIQUE KEY `income_transactions_receipt_verify_code_unique` (`receipt_verify_code`),
  KEY `income_transactions_created_by_foreign` (`created_by`),
  KEY `income_transactions_trx_date_index` (`trx_date`),
  KEY `income_transactions_doctor_id_index` (`doctor_id`),
  KEY `income_transactions_patient_id_index` (`patient_id`),
  KEY `income_transactions_status_index` (`status`),
  KEY `income_transactions_visibility_index` (`visibility`),
  CONSTRAINT `income_transactions_created_by_foreign` FOREIGN KEY (`created_by`) REFERENCES `users` (`id`),
  CONSTRAINT `income_transactions_doctor_id_foreign` FOREIGN KEY (`doctor_id`) REFERENCES `doctors` (`id`),
  CONSTRAINT `income_transactions_patient_id_foreign` FOREIGN KEY (`patient_id`) REFERENCES `patients` (`id`)
) ENGINE=InnoDB AUTO_INCREMENT=132 DEFAULT CHARSET=utf8mb4 COLLATE=utf8mb4_unicode_ci;
/*!40101 SET character_set_client = @saved_cs_client */;

--
-- Dumping data for table `income_transactions`
--

LOCK TABLES `income_transactions` WRITE;
/*!40000 ALTER TABLE `income_transactions` DISABLE KEYS */;
INSERT INTO `income_transactions` VALUES (1,'INV-20260312-035344-769','2026-03-11',5,18,'umum','none','paid',300000.00,0.00,300000.00,'public',NULL,1,NULL,NULL,'2026-03-11 19:53:44','2026-03-11 21:48:33'),(3,'INV-20260312-052735-143','2026-03-11',5,20,'umum','none','paid',300000.00,0.00,300000.00,'public',NULL,1,NULL,NULL,'2026-03-11 21:27:35','2026-03-11 21:47:16'),(4,'INV-20260312-052825-268','2026-03-11',5,21,'umum','none','paid',300000.00,0.00,300000.00,'public',NULL,1,NULL,NULL,'2026-03-11 21:28:25','2026-03-12 00:51:17'),(6,'INV-20260312-054049-298','2026-03-11',4,23,'umum','none','paid',350000.00,140000.00,350000.00,'public',NULL,1,NULL,NULL,'2026-03-11 21:40:49','2026-03-11 21:44:04'),(7,'INV-20260312-054909-758','2026-03-11',4,24,'umum','none','paid',150000.00,0.00,150000.00,'public',NULL,1,NULL,NULL,'2026-03-11 21:49:09','2026-03-11 21:50:10'),(8,'INV-20260312-055039-711','2026-03-11',4,25,'umum','none','paid',400000.00,160000.00,400000.00,'public',NULL,1,NULL,NULL,'2026-03-11 21:50:39','2026-03-11 21:52:10'),(9,'INV-20260312-055242-330','2026-03-11',4,26,'umum','none','paid',1750000.00,700000.00,1750000.00,'public',NULL,1,'ALBWBZ0IIY',NULL,'2026-03-11 21:52:42','2026-03-14 08:23:53'),(10,'INV-20260312-055358-207','2026-03-11',4,27,'umum','none','paid',350000.00,140000.00,350000.00,'public',NULL,1,NULL,NULL,'2026-03-11 21:53:58','2026-03-12 01:02:05'),(12,'INV-20260312-075318-221','2026-03-11',5,22,'umum','none','paid',900000.00,0.00,900000.00,'public','ORTHO DIASTEM',1,'DY6NLUOKDG',NULL,'2026-03-11 23:53:18','2026-03-14 07:58:29'),(13,'INV-20260312-084305-289','2026-03-11',5,19,'umum','none','paid',350000.00,0.00,350000.00,'public','KONSUL ORTHO',1,'DWOIHRQLL1',NULL,'2026-03-12 00:43:05','2026-03-14 08:06:50'),(14,'INV-20260312-090625-892','2026-03-10',5,28,'umum','none','paid',150000.00,0.00,150000.00,'public','KONSUL',1,NULL,NULL,'2026-03-12 01:06:25','2026-03-12 01:07:14'),(15,'INV-20260312-090759-270','2026-03-10',5,29,'bpjs','none','paid',0.00,0.00,0.00,'public','BPJS',1,'PDWMZE9UCW',NULL,'2026-03-12 01:07:59','2026-03-13 22:11:12'),(17,'INV-20260312-091515-860','2026-03-10',5,31,'umum','lanjutan','paid',5000000.00,0.00,5000000.00,'public',NULL,1,NULL,NULL,'2026-03-12 01:15:15','2026-03-12 07:25:50'),(18,'INV-20260312-152725-794','2026-03-12',5,32,'umum','biasa','paid',350000.00,0.00,350000.00,'public',NULL,1,NULL,NULL,'2026-03-12 07:27:25','2026-03-12 07:28:15'),(19,'INV-20260312-153019-642','2026-03-12',5,33,'umum','none','paid',300000.00,0.00,300000.00,'public',NULL,1,NULL,NULL,'2026-03-12 07:30:19','2026-03-12 07:32:15'),(20,'INV-20260312-153253-454','2026-03-12',5,34,'umum','biasa','paid',350000.00,0.00,350000.00,'public',NULL,1,NULL,NULL,'2026-03-12 07:32:53','2026-03-12 07:33:40'),(21,'INV-20260312-153414-818','2026-03-12',5,35,'umum','biasa','paid',350000.00,0.00,350000.00,'public',NULL,1,NULL,NULL,'2026-03-12 07:34:14','2026-03-12 07:34:53'),(22,'INV-20260312-153602-719','2026-03-12',4,37,'umum','none','paid',1050000.00,420000.00,1050000.00,'public',NULL,1,'JSGB928HH6',NULL,'2026-03-12 07:36:02','2026-03-13 23:07:08'),(23,'INV-20260312-154827-730','2026-03-12',4,36,'umum','none','paid',1500000.00,1000000.00,1500000.00,'public',NULL,1,'AZ9JIDCXO0',NULL,'2026-03-12 07:48:27','2026-03-13 23:21:34'),(24,'INV-20260312-155127-164','2026-03-12',4,38,'umum','none','paid',150000.00,60000.00,150000.00,'public',NULL,1,'DYY2WOAMC3',NULL,'2026-03-12 07:51:27','2026-03-14 07:28:03'),(25,'INV-20260312-155324-132','2026-03-12',4,39,'umum','none','paid',1050000.00,420000.00,1050000.00,'public',NULL,1,'RZPGE6N5ZL',NULL,'2026-03-12 07:53:24','2026-03-13 23:07:22'),(26,'INV-20260312-155526-988','2026-03-12',4,40,'umum','none','paid',600000.00,240000.00,600000.00,'public',NULL,1,NULL,NULL,'2026-03-12 07:55:26','2026-03-12 07:56:58'),(27,'INV-20260312-155800-822','2026-03-12',4,41,'umum','none','paid',300000.00,120000.00,300000.00,'public',NULL,1,'MUJZOJVHHH',NULL,'2026-03-12 07:58:00','2026-03-15 01:19:08'),(28,'INV-20260312-161558-163','2026-03-12',5,42,'umum','none','paid',350000.00,0.00,350000.00,'public',NULL,1,'3JV97CRPQS',NULL,'2026-03-12 08:15:58','2026-03-13 22:16:13'),(30,'INV-20260313-082005-236','2026-03-10',5,43,'umum','none','paid',900000.00,0.00,900000.00,'public',NULL,1,NULL,NULL,'2026-03-13 00:20:05','2026-03-13 00:21:44'),(31,'INV-20260313-082239-522','2026-03-10',5,44,'umum','none','paid',300000.00,0.00,300000.00,'public',NULL,1,NULL,NULL,'2026-03-13 00:22:39','2026-03-13 00:23:27'),(32,'INV-20260313-082421-191','2026-03-10',5,45,'umum','biasa','paid',350000.00,0.00,350000.00,'public',NULL,1,NULL,NULL,'2026-03-13 00:24:21','2026-03-13 00:26:01'),(33,'INV-20260313-082633-296','2026-03-10',4,31,'umum','none','paid',300000.00,120000.00,300000.00,'public',NULL,1,NULL,NULL,'2026-03-13 00:26:33','2026-03-13 00:27:29'),(34,'INV-20260313-082805-981','2026-03-10',4,46,'umum','none','paid',1800000.00,720000.00,1800000.00,'public',NULL,1,'BNRWWQLSJK',NULL,'2026-03-13 00:28:05','2026-03-14 00:44:10'),(35,'INV-20260313-083252-613','2026-03-10',4,48,'umum','none','paid',600000.00,240000.00,600000.00,'public',NULL,1,'OSDNKQTKN1',NULL,'2026-03-13 00:32:52','2026-03-15 21:33:54'),(36,'INV-20260313-084050-541','2026-03-10',4,49,'umum','none','paid',600000.00,240000.00,600000.00,'public',NULL,1,NULL,NULL,'2026-03-13 00:40:50','2026-03-13 00:42:16'),(37,'INV-20260313-084247-874','2026-03-10',4,50,'umum','none','paid',350000.00,140000.00,350000.00,'public',NULL,1,NULL,NULL,'2026-03-13 00:42:47','2026-03-13 00:43:49'),(38,'INV-20260313-090020-436','2026-03-10',5,39,'umum','none','paid',900000.00,0.00,900000.00,'public',NULL,1,NULL,NULL,'2026-03-13 01:00:20','2026-03-13 01:01:13'),(39,'INV-20260313-095048-165','2026-03-10',5,30,'umum','none','paid',400000.00,0.00,400000.00,'public',NULL,1,'HEYA09ONPY',NULL,'2026-03-13 01:50:48','2026-03-15 21:20:45'),(41,'INV-20260316-054858-613','2026-03-09',5,51,'umum','none','paid',700000.00,0.00,700000.00,'public','2 LC',3,NULL,NULL,'2026-03-15 21:48:58','2026-03-15 21:52:30'),(42,'INV-20260316-055352-675','2026-03-14',5,52,'umum','none','paid',1050000.00,0.00,1050000.00,'public','3 LC',3,NULL,NULL,'2026-03-15 21:53:52','2026-03-15 22:06:38'),(43,'INV-20260316-055641-127','2026-03-14',5,53,'umum','none','paid',300000.00,0.00,300000.00,'public','CALCIPEX',3,NULL,NULL,'2026-03-15 21:56:41','2026-03-15 21:57:34'),(44,'INV-20260316-055829-939','2026-03-14',5,54,'umum','none','paid',1050000.00,0.00,1050000.00,'public',NULL,3,NULL,NULL,'2026-03-15 21:58:29','2026-03-15 22:05:21'),(45,'INV-20260316-060214-694','2026-03-14',5,55,'umum','biasa','paid',350000.00,0.00,350000.00,'public',NULL,3,NULL,NULL,'2026-03-15 22:02:14','2026-03-15 22:03:15'),(46,'INV-20260316-060910-476','2026-03-14',5,56,'umum','none','paid',1000000.00,0.00,1000000.00,'public',NULL,3,NULL,NULL,'2026-03-15 22:09:10','2026-03-15 22:10:59'),(47,'INV-20260316-061159-831','2026-03-14',5,12,'umum','none','paid',400000.00,0.00,400000.00,'public','LC POST ENDO',3,NULL,NULL,'2026-03-15 22:11:59','2026-03-15 22:12:45'),(48,'INV-20260316-061403-523','2026-03-14',5,57,'umum','lanjutan','paid',20000000.00,0.00,20000000.00,'public','ORTHO 20',3,'XGZKCWYHEW',NULL,'2026-03-15 22:14:03','2026-03-15 22:34:12'),(49,'INV-20260316-061709-129','2026-03-14',5,56,'umum','none','paid',2000000.00,0.00,2000000.00,'public','RETAINER',3,NULL,NULL,'2026-03-15 22:17:09','2026-03-15 22:18:03'),(50,'INV-20260316-062526-449','2026-03-14',5,58,'umum','none','paid',50000.00,0.00,50000.00,'public',NULL,3,NULL,NULL,'2026-03-15 22:25:26','2026-03-15 22:26:14'),(52,'INV-20260324-024951-453','2026-03-17',5,59,'umum','none','paid',2000000.00,0.00,2000000.00,'public','Retainer',3,NULL,NULL,'2026-03-23 18:49:51','2026-03-23 18:51:17'),(53,'INV-20260324-025214-353','2026-03-17',4,60,'umum','none','paid',3150000.00,1260000.00,3150000.00,'public','9 LC',3,NULL,NULL,'2026-03-23 18:52:14','2026-03-23 18:54:22'),(54,'INV-20260324-025503-684','2026-03-17',4,61,'umum','none','paid',1050000.00,420000.00,1050000.00,'public','3 LC',3,NULL,NULL,'2026-03-23 18:55:03','2026-03-23 18:55:52'),(55,'INV-20260324-025642-621','2026-03-17',4,62,'umum','none','paid',150000.00,60000.00,150000.00,'public','Konsul',3,NULL,NULL,'2026-03-23 18:56:42','2026-03-23 18:57:51'),(56,'INV-20260324-025834-392','2026-03-17',4,63,'umum','none','paid',400000.00,160000.00,400000.00,'public',NULL,3,NULL,NULL,'2026-03-23 18:58:34','2026-03-23 19:51:07'),(57,'INV-20260324-035428-877','2026-03-17',4,64,'umum','none','paid',600000.00,240000.00,600000.00,'public','2 Exo',3,NULL,NULL,'2026-03-23 19:54:28','2026-03-23 20:11:10'),(58,'INV-20260324-041305-426','2026-07-21',4,59,'umum','none','draft',650000.00,260000.00,0.00,'public','LB, SC, 2 LC, Exo, Obat 1, cetak retainer',3,NULL,NULL,'2026-03-23 20:13:05','2026-03-23 20:17:38'),(59,'INV-20260324-043750-623','2026-03-17',4,59,'umum','none','paid',2200000.00,880000.00,2200000.00,'public',NULL,3,NULL,NULL,'2026-03-23 20:37:50','2026-03-23 20:50:09'),(60,'INV-20260324-060553-324','2026-03-16',5,65,'umum','none','paid',700000.00,0.00,700000.00,'public',NULL,3,NULL,NULL,'2026-03-23 22:05:53','2026-03-23 22:06:43'),(61,'INV-20260324-060805-999','2026-03-16',5,66,'umum','none','paid',350000.00,0.00,350000.00,'public','KO',3,NULL,NULL,'2026-03-23 22:08:05','2026-03-23 22:10:08'),(62,'INV-20260324-064018-681','2026-03-16',5,67,'khusus','none','draft',0.00,0.00,0.00,'public',NULL,3,NULL,NULL,'2026-03-23 22:40:18','2026-03-23 22:40:18'),(63,'INV-20260325-130948-720','2026-03-25',5,68,'umum','none','paid',350000.00,0.00,350000.00,'public',NULL,3,NULL,NULL,'2026-03-25 05:09:48','2026-03-25 05:11:58'),(64,'INV-20260325-131825-865','2026-03-25',5,69,'umum','none','paid',900000.00,0.00,900000.00,'public','2 Capping + 1 Devit',3,NULL,NULL,'2026-03-25 05:18:25','2026-03-25 05:54:20'),(65,'INV-20260325-132501-898','2026-03-25',5,70,'umum','none','paid',650000.00,0.00,650000.00,'public',NULL,3,NULL,NULL,'2026-03-25 05:25:01','2026-03-25 05:28:17'),(66,'INV-20260325-132944-563','2026-03-25',4,71,'umum','none','paid',1050000.00,420000.00,1050000.00,'public',NULL,3,NULL,NULL,'2026-03-25 05:29:44','2026-03-25 05:32:17'),(67,'INV-20260325-133358-638','2026-03-25',4,72,'umum','none','paid',350000.00,140000.00,350000.00,'public',NULL,3,NULL,NULL,'2026-03-25 05:33:58','2026-03-25 05:35:54'),(68,'INV-20260325-133637-158','2026-03-25',4,73,'umum','none','paid',3500000.00,1400000.00,3500000.00,'public',NULL,3,'7VXWSEH7XR',NULL,'2026-03-25 05:36:37','2026-03-25 06:01:24'),(69,'INV-20260325-134018-260','2026-03-25',4,74,'umum','none','paid',1750000.00,700000.00,1750000.00,'public',NULL,3,NULL,NULL,'2026-03-25 05:40:18','2026-03-25 05:49:37'),(71,'INV-20260325-135839-760','2026-03-25',4,75,'umum','none','paid',150000.00,60000.00,150000.00,'public',NULL,3,'1TSUQIUOCN',NULL,'2026-03-25 05:58:39','2026-03-25 06:00:15'),(72,'INV-20260325-140859-469','2026-03-25',5,76,'khusus','none','paid',0.00,0.00,0.00,'public','Perbaiki kembali gtsl',3,NULL,NULL,'2026-03-25 06:08:59','2026-03-25 19:06:16'),(73,'INV-20260325-142520-876','2026-03-25',5,77,'umum','none','paid',2250000.00,0.00,2250000.00,'public','GTSL',3,'FXPARVP7I3',NULL,'2026-03-25 06:25:20','2026-03-25 18:26:57'),(74,'INV-20260325-143350-406','2026-03-25',5,78,'umum','none','paid',950000.00,0.00,950000.00,'public',NULL,3,NULL,NULL,'2026-03-25 06:33:50','2026-03-25 06:35:19'),(83,'INV-20260326-232352-153','2026-03-26',5,7,'umum','none','paid',700000.00,0.00,700000.00,'public',NULL,3,NULL,NULL,'2026-03-26 15:23:52','2026-03-26 16:00:11'),(84,'INV-20260327-000022-976','2026-03-27',5,17,'umum','none','paid',400000.00,0.00,400000.00,'public',NULL,3,NULL,NULL,'2026-03-26 16:00:22','2026-03-26 16:01:42'),(85,'INV-20260327-000414-508','2026-03-27',5,19,'umum','none','paid',1000000.00,0.00,1000000.00,'public',NULL,3,NULL,NULL,'2026-03-26 16:04:14','2026-03-26 16:11:20'),(86,'INV-20260327-002739-934','2026-03-27',5,31,'umum','none','paid',600000.00,0.00,600000.00,'public',NULL,3,NULL,NULL,'2026-03-26 16:27:39','2026-03-26 16:30:22'),(87,'INV-20260327-004037-927','2026-03-27',5,7,'khusus','none','draft',550000.00,0.00,0.00,'public',NULL,3,NULL,NULL,'2026-03-26 16:40:37','2026-03-27 00:51:43'),(88,'INV-20260328-070057-631','2026-03-28',5,79,'umum','none','paid',600000.00,0.00,600000.00,'public',NULL,3,NULL,NULL,'2026-03-27 23:00:57','2026-03-27 23:03:00'),(89,'INV-20260328-070403-707','2026-03-28',5,80,'umum','none','paid',350000.00,0.00,350000.00,'public',NULL,3,NULL,NULL,'2026-03-27 23:04:03','2026-03-27 23:05:10'),(90,'INV-20260328-070549-473','2026-03-28',5,81,'umum','none','paid',350000.00,0.00,350000.00,'public',NULL,3,NULL,NULL,'2026-03-27 23:05:49','2026-03-27 23:06:34'),(91,'INV-20260328-070700-606','2026-03-28',5,82,'umum','none','paid',750000.00,0.00,750000.00,'public',NULL,3,NULL,NULL,'2026-03-27 23:07:00','2026-03-27 23:08:54'),(93,'INV-20260328-071353-454','2026-03-28',5,83,'umum','none','paid',350000.00,0.00,350000.00,'public',NULL,3,NULL,NULL,'2026-03-27 23:13:53','2026-03-27 23:15:51'),(94,'INV-20260328-071641-326','2026-03-28',5,84,'bpjs','none','paid',0.00,0.00,0.00,'public',NULL,3,NULL,NULL,'2026-03-27 23:16:41','2026-03-27 23:17:11'),(95,'INV-20260328-072654-741','2026-03-28',5,85,'umum','none','paid',350000.00,0.00,350000.00,'public',NULL,3,NULL,NULL,'2026-03-27 23:26:54','2026-03-28 06:06:20'),(96,'INV-20260328-140704-215','2026-03-28',5,85,'bpjs','none','paid',0.00,0.00,0.00,'public',NULL,3,NULL,NULL,'2026-03-28 06:07:04','2026-03-28 06:07:25'),(99,'INV-20260328-152512-829','2026-03-28',5,84,'umum','none','paid',700000.00,0.00,700000.00,'public',NULL,3,NULL,NULL,'2026-03-28 07:25:12','2026-03-28 07:26:12'),(100,'INV-20260329-051015-875','2026-03-02',5,68,'umum','none','paid',350000.00,0.00,350000.00,'public',NULL,3,NULL,NULL,'2026-03-28 21:10:15','2026-03-28 21:12:06'),(101,'INV-20260329-051230-455','2026-03-02',5,86,'umum','biasa','paid',350000.00,0.00,350000.00,'public',NULL,3,NULL,NULL,'2026-03-28 21:12:30','2026-03-28 21:36:45'),(102,'INV-20260329-051504-521','2026-03-02',5,87,'khusus','none','paid',0.00,0.00,0.00,'public',NULL,3,NULL,NULL,'2026-03-28 21:15:04','2026-03-28 21:15:27'),(103,'INV-20260329-052117-547','2026-03-02',5,76,'khusus','none','paid',0.00,0.00,0.00,'public',NULL,3,NULL,NULL,'2026-03-28 21:21:17','2026-03-28 21:30:20'),(104,'INV-20260329-054022-496','2026-03-03',5,88,'bpjs','none','paid',0.00,0.00,0.00,'public',NULL,3,NULL,NULL,'2026-03-28 21:40:22','2026-03-28 21:41:41'),(105,'INV-20260329-054620-481','2026-03-03',5,89,'umum','none','paid',350000.00,0.00,350000.00,'public',NULL,3,NULL,NULL,'2026-03-28 21:46:20','2026-03-28 23:02:05'),(106,'INV-20260329-054811-578','2026-03-03',5,90,'umum','none','paid',600000.00,0.00,600000.00,'public',NULL,3,NULL,NULL,'2026-03-28 21:48:11','2026-03-28 23:11:07'),(107,'INV-20260329-055025-890','2026-03-03',5,91,'umum','none','paid',400000.00,0.00,400000.00,'public',NULL,3,NULL,NULL,'2026-03-28 21:50:25','2026-03-28 23:10:29'),(108,'INV-20260329-055418-557','2026-03-03',5,92,'umum','none','paid',350000.00,0.00,350000.00,'public',NULL,3,NULL,NULL,'2026-03-28 21:54:18','2026-03-28 23:09:52'),(109,'INV-20260329-055602-323','2026-03-03',5,93,'umum','none','paid',350000.00,0.00,350000.00,'public',NULL,3,NULL,NULL,'2026-03-28 21:56:02','2026-03-28 23:09:10'),(110,'INV-20260329-055700-402','2026-03-03',5,94,'umum','none','paid',350000.00,0.00,350000.00,'public',NULL,3,NULL,NULL,'2026-03-28 21:57:00','2026-03-28 21:58:22'),(111,'INV-20260329-055947-418','2026-03-03',4,31,'umum','none','paid',300000.00,120000.00,300000.00,'public',NULL,3,NULL,NULL,'2026-03-28 21:59:47','2026-03-28 23:05:03'),(112,'INV-20260329-060110-765','2026-03-03',4,95,'umum','none','paid',300000.00,120000.00,300000.00,'public',NULL,3,NULL,NULL,'2026-03-28 22:01:10','2026-03-28 22:03:39'),(113,'INV-20260329-060415-949','2026-03-03',4,96,'umum','none','paid',600000.00,240000.00,600000.00,'public',NULL,3,NULL,NULL,'2026-03-28 22:04:15','2026-03-28 23:08:19'),(114,'INV-20260329-060525-722','2026-03-03',4,97,'umum','none','paid',350000.00,140000.00,350000.00,'public',NULL,3,NULL,NULL,'2026-03-28 22:05:25','2026-03-28 23:07:31'),(115,'INV-20260329-060710-628','2026-03-03',4,98,'umum','none','paid',1050000.00,420000.00,1050000.00,'public',NULL,3,NULL,NULL,'2026-03-28 22:07:10','2026-03-28 23:06:48'),(116,'INV-20260329-060825-324','2026-03-03',4,99,'umum','none','paid',150000.00,60000.00,150000.00,'public',NULL,3,NULL,NULL,'2026-03-28 22:08:25','2026-03-28 22:58:26'),(118,'INV-20260330-015419-837','2026-03-04',5,101,'khusus','none','paid',350000.00,0.00,350000.00,'public',NULL,3,NULL,NULL,'2026-03-29 17:54:19','2026-03-29 18:51:52'),(120,'INV-20260330-020338-132','2026-03-04',5,102,'umum','none','paid',0.00,0.00,0.00,'public',NULL,3,NULL,NULL,'2026-03-29 18:03:38','2026-03-30 05:11:59'),(121,'INV-20260330-020517-420','2026-03-04',5,103,'umum','none','paid',700000.00,0.00,700000.00,'public',NULL,3,NULL,NULL,'2026-03-29 18:05:17','2026-03-29 18:48:14'),(122,'INV-20260330-024942-877','2026-03-04',5,104,'umum','none','paid',350000.00,0.00,350000.00,'public',NULL,3,NULL,NULL,'2026-03-29 18:49:42','2026-03-29 18:56:48'),(123,'INV-20260330-025226-639','2026-03-04',5,105,'umum','none','paid',0.00,0.00,0.00,'public',NULL,3,NULL,NULL,'2026-03-29 18:52:26','2026-03-30 05:09:42'),(124,'INV-20260330-025357-841','2026-03-04',5,106,'umum','none','paid',0.00,0.00,0.00,'public',NULL,3,NULL,NULL,'2026-03-29 18:53:57','2026-03-30 05:06:54'),(131,'INV-20260330-132840-478','2026-03-30',4,7,'umum','none','paid',0.00,0.00,0.00,'public',NULL,1,NULL,NULL,'2026-03-30 05:28:40','2026-03-30 06:08:39');
/*!40000 ALTER TABLE `income_transactions` ENABLE KEYS */;
UNLOCK TABLES;

--
-- Table structure for table `inventory_items`
--

DROP TABLE IF EXISTS `inventory_items`;
/*!40101 SET @saved_cs_client     = @@character_set_client */;
/*!50503 SET character_set_client = utf8mb4 */;
CREATE TABLE `inventory_items` (
  `id` bigint unsigned NOT NULL AUTO_INCREMENT,
  `name` varchar(150) COLLATE utf8mb4_unicode_ci NOT NULL,
  `type` enum('barang','bahan','alat') COLLATE utf8mb4_unicode_ci NOT NULL DEFAULT 'barang',
  `unit` varchar(50) COLLATE utf8mb4_unicode_ci NOT NULL DEFAULT 'pcs',
  `minimum_stock` decimal(15,2) NOT NULL DEFAULT '0.00',
  `is_active` tinyint NOT NULL DEFAULT '1',
  `created_at` timestamp NULL DEFAULT NULL,
  `updated_at` timestamp NULL DEFAULT NULL,
  PRIMARY KEY (`id`),
  UNIQUE KEY `inventory_items_name_unique` (`name`)
) ENGINE=InnoDB AUTO_INCREMENT=17 DEFAULT CHARSET=utf8mb4 COLLATE=utf8mb4_unicode_ci;
/*!40101 SET character_set_client = @saved_cs_client */;

--
-- Dumping data for table `inventory_items`
--

LOCK TABLES `inventory_items` WRITE;
/*!40000 ALTER TABLE `inventory_items` DISABLE KEYS */;
INSERT INTO `inventory_items` VALUES (1,'Handscone','barang','pcs',3.00,1,'2026-03-03 18:16:10','2026-03-04 16:55:06'),(2,'Ortho 3,8','barang','pcs',3.00,1,'2026-03-27 23:34:36','2026-03-27 23:34:36'),(3,'Spritus','barang','pcs',3.00,1,'2026-03-27 23:49:18','2026-03-27 23:49:18'),(4,'Alkohol','barang','pcs',3.00,1,'2026-03-27 23:54:52','2026-03-27 23:54:52'),(5,'Dentova','barang','pcs',25.00,1,'2026-03-27 23:55:46','2026-03-27 23:55:46'),(6,'Handskun','barang','pcs',2.00,1,'2026-03-27 23:56:09','2026-03-27 23:56:09'),(7,'Masker','barang','pcs',2.00,1,'2026-03-27 23:56:41','2026-03-27 23:56:41'),(8,'Palpique Bond','barang','pcs',3.00,1,'2026-03-27 23:57:18','2026-03-27 23:57:18'),(9,'Dental Needles','barang','pcs',50.00,1,'2026-03-27 23:59:22','2026-03-27 23:59:22'),(10,'Palpique A2','barang','pcs',2.00,1,'2026-03-28 00:00:33','2026-03-28 00:00:33'),(11,'Palpique A3','barang','pcs',2.00,1,'2026-03-28 00:01:04','2026-03-28 00:01:04'),(12,'Palpique A1','barang','pcs',2.00,1,'2026-03-28 00:01:32','2026-03-28 00:01:32'),(13,'Brush','barang','pcs',25.00,1,'2026-03-28 00:02:45','2026-03-28 00:02:45'),(14,'Sabun cuci tangan','barang','Botol',1.00,1,'2026-03-28 00:06:13','2026-03-28 00:06:13'),(15,'Super pell','barang','pcs',1.00,1,'2026-03-28 00:16:24','2026-03-28 00:16:24');
/*!40000 ALTER TABLE `inventory_items` ENABLE KEYS */;
UNLOCK TABLES;

--
-- Table structure for table `inventory_movements`
--

DROP TABLE IF EXISTS `inventory_movements`;
/*!40101 SET @saved_cs_client     = @@character_set_client */;
/*!50503 SET character_set_client = utf8mb4 */;
CREATE TABLE `inventory_movements` (
  `id` bigint unsigned NOT NULL AUTO_INCREMENT,
  `item_id` bigint unsigned NOT NULL,
  `type` enum('IN','OUT','ADJUSTMENT') COLLATE utf8mb4_unicode_ci NOT NULL,
  `qty` decimal(15,2) NOT NULL DEFAULT '0.00',
  `date` date NOT NULL,
  `reference` varchar(120) COLLATE utf8mb4_unicode_ci DEFAULT NULL,
  `notes` text COLLATE utf8mb4_unicode_ci,
  `created_by` bigint unsigned NOT NULL,
  `created_at` timestamp NULL DEFAULT NULL,
  `updated_at` timestamp NULL DEFAULT NULL,
  PRIMARY KEY (`id`),
  KEY `inventory_movements_item_id_index` (`item_id`),
  KEY `inventory_movements_date_index` (`date`),
  KEY `inventory_movements_type_index` (`type`),
  KEY `inventory_movements_created_by_foreign` (`created_by`),
  CONSTRAINT `inventory_movements_created_by_foreign` FOREIGN KEY (`created_by`) REFERENCES `users` (`id`),
  CONSTRAINT `inventory_movements_item_id_foreign` FOREIGN KEY (`item_id`) REFERENCES `inventory_items` (`id`)
) ENGINE=InnoDB AUTO_INCREMENT=7 DEFAULT CHARSET=utf8mb4 COLLATE=utf8mb4_unicode_ci;
/*!40101 SET character_set_client = @saved_cs_client */;

--
-- Dumping data for table `inventory_movements`
--

LOCK TABLES `inventory_movements` WRITE;
/*!40000 ALTER TABLE `inventory_movements` DISABLE KEYS */;
INSERT INTO `inventory_movements` VALUES (5,2,'IN',2.00,'2026-03-28',NULL,'tes',3,'2026-03-27 23:46:05','2026-03-27 23:46:05'),(6,2,'IN',5.00,'2026-03-28',NULL,NULL,3,'2026-03-27 23:47:02','2026-03-27 23:47:02');
/*!40000 ALTER TABLE `inventory_movements` ENABLE KEYS */;
UNLOCK TABLES;

--
-- Table structure for table `job_batches`
--

DROP TABLE IF EXISTS `job_batches`;
/*!40101 SET @saved_cs_client     = @@character_set_client */;
/*!50503 SET character_set_client = utf8mb4 */;
CREATE TABLE `job_batches` (
  `id` varchar(255) COLLATE utf8mb4_unicode_ci NOT NULL,
  `name` varchar(255) COLLATE utf8mb4_unicode_ci NOT NULL,
  `total_jobs` int NOT NULL,
  `pending_jobs` int NOT NULL,
  `failed_jobs` int NOT NULL,
  `failed_job_ids` longtext COLLATE utf8mb4_unicode_ci NOT NULL,
  `options` mediumtext COLLATE utf8mb4_unicode_ci,
  `cancelled_at` int DEFAULT NULL,
  `created_at` int NOT NULL,
  `finished_at` int DEFAULT NULL,
  PRIMARY KEY (`id`)
) ENGINE=InnoDB DEFAULT CHARSET=utf8mb4 COLLATE=utf8mb4_unicode_ci;
/*!40101 SET character_set_client = @saved_cs_client */;

--
-- Dumping data for table `job_batches`
--

LOCK TABLES `job_batches` WRITE;
/*!40000 ALTER TABLE `job_batches` DISABLE KEYS */;
/*!40000 ALTER TABLE `job_batches` ENABLE KEYS */;
UNLOCK TABLES;

--
-- Table structure for table `jobs`
--

DROP TABLE IF EXISTS `jobs`;
/*!40101 SET @saved_cs_client     = @@character_set_client */;
/*!50503 SET character_set_client = utf8mb4 */;
CREATE TABLE `jobs` (
  `id` bigint unsigned NOT NULL AUTO_INCREMENT,
  `queue` varchar(255) COLLATE utf8mb4_unicode_ci NOT NULL,
  `payload` longtext COLLATE utf8mb4_unicode_ci NOT NULL,
  `attempts` tinyint unsigned NOT NULL,
  `reserved_at` int unsigned DEFAULT NULL,
  `available_at` int unsigned NOT NULL,
  `created_at` int unsigned NOT NULL,
  PRIMARY KEY (`id`),
  KEY `jobs_queue_index` (`queue`)
) ENGINE=InnoDB DEFAULT CHARSET=utf8mb4 COLLATE=utf8mb4_unicode_ci;
/*!40101 SET character_set_client = @saved_cs_client */;

--
-- Dumping data for table `jobs`
--

LOCK TABLES `jobs` WRITE;
/*!40000 ALTER TABLE `jobs` DISABLE KEYS */;
/*!40000 ALTER TABLE `jobs` ENABLE KEYS */;
UNLOCK TABLES;

--
-- Table structure for table `migrations`
--

DROP TABLE IF EXISTS `migrations`;
/*!40101 SET @saved_cs_client     = @@character_set_client */;
/*!50503 SET character_set_client = utf8mb4 */;
CREATE TABLE `migrations` (
  `id` int unsigned NOT NULL AUTO_INCREMENT,
  `migration` varchar(255) COLLATE utf8mb4_unicode_ci NOT NULL,
  `batch` int NOT NULL,
  PRIMARY KEY (`id`)
) ENGINE=InnoDB AUTO_INCREMENT=50 DEFAULT CHARSET=utf8mb4 COLLATE=utf8mb4_unicode_ci;
/*!40101 SET character_set_client = @saved_cs_client */;

--
-- Dumping data for table `migrations`
--

LOCK TABLES `migrations` WRITE;
/*!40000 ALTER TABLE `migrations` DISABLE KEYS */;
INSERT INTO `migrations` VALUES (1,'0001_01_01_000000_create_users_table',1),(2,'0001_01_01_000001_create_cache_table',1),(3,'0001_01_01_000002_create_jobs_table',1),(4,'2026_02_28_102237_create_doctors_table',1),(5,'2026_02_28_102249_create_patients_table',1),(6,'2026_02_28_102257_create_treatment_categories_table',1),(7,'2026_02_28_102305_create_treatments_table',1),(8,'2026_02_28_102312_create_doctor_treatment_fees_table',1),(9,'2026_02_28_102325_create_payment_methods_table',1),(10,'2026_02_28_102334_create_expense_categories_table',1),(11,'2026_02_28_102341_create_inventory_items_table',1),(12,'2026_02_28_102349_create_settings_table',1),(13,'2026_02_28_143006_alter_payment_methods_add_name_is_active',2),(14,'2026_03_01_145008_create_income_transactions_table',3),(15,'2026_03_01_145017_create_income_transaction_items_table',3),(16,'2026_03_01_145026_create_payments_table',3),(17,'2026_03_02_154258_add_channel_to_payments_table',4),(18,'2026_03_03_011851_create_expenses_table',5),(19,'2026_03_04_012139_alter_inventory_items_add_schema_final_columns',6),(20,'2026_03_04_012624_add_type_to_inventory_items_table',7),(21,'2026_03_04_013222_add_type_to_inventory_items_table',8),(22,'2026_03_04_013351_create_inventory_movements_table',8),(23,'2026_03_05_061841_create_user_temp_passwords_table',9),(24,'2026_03_05_063618_create_user_temp_passwords_table',10),(25,'2026_03_07_100000_create_warehouse_items_table',11),(26,'2026_03_07_100100_create_warehouse_movements_table',11),(27,'2026_03_07_000001_add_payer_type_to_income_transactions_table',12),(28,'2026_03_08_200000_create_owner_finance_cases_table',13),(29,'2026_03_09_031726_add_owner_followup_fields_to_owner_finance_cases_table',14),(30,'2026_03_09_032047_add_owner_followup_fields_to_owner_finance_cases_table',14),(31,'2026_03_09_042811_add_photo_to_users_table',15),(32,'2026_03_09_050000_add_photo_path_to_users_table',15),(33,'2026_03_09_170000_create_owner_finance_installments_table',16),(34,'2026_03_10_000001_create_owner_finance_monthly_ledgers_table',17),(35,'2026_03_10_000002_create_owner_account_mutations_table',18),(36,'2026_03_10_210000_add_price_mode_and_notes_hint_to_treatments_table',19),(37,'2026_03_10_220000_add_prostho_fields_to_owner_finance_cases_table',20),(38,'2026_03_10_230000_add_lab_financial_fields_to_owner_finance_cases_table',21),(39,'2026_03_12_120000_add_ortho_case_mode_to_income_transactions_table',22),(40,'2026_03_13_200000_create_owner_private_transactions_table',23),(41,'2026_03_13_210000_add_category_and_source_to_owner_private_transactions_table',24),(42,'2026_03_18_000001_create_other_incomes_table',25),(43,'2026_03_18_000002_add_cashflow_fields_to_other_incomes',26),(44,'2026_03_19_000003_add_bank_name_to_other_incomes_table',27),(45,'2026_03_26_131229_add_discount_to_income_transaction_items',28),(46,'2026_03_30_000001_add_allow_zero_price_to_treatments_table',29),(47,'2026_03_30_124044_add_is_free_to_treatments_table',30),(48,'2026_03_30_124453_add_is_free_to_treatments_table',31),(49,'2026_03_30_134417_add_zero_reason_to_income_transaction_items_table',32);
/*!40000 ALTER TABLE `migrations` ENABLE KEYS */;
UNLOCK TABLES;

--
-- Table structure for table `other_incomes`
--

DROP TABLE IF EXISTS `other_incomes`;
/*!40101 SET @saved_cs_client     = @@character_set_client */;
/*!50503 SET character_set_client = utf8mb4 */;
CREATE TABLE `other_incomes` (
  `id` bigint unsigned NOT NULL AUTO_INCREMENT,
  `trx_date` date NOT NULL,
  `title` varchar(150) COLLATE utf8mb4_unicode_ci NOT NULL,
  `source_type` varchar(100) COLLATE utf8mb4_unicode_ci DEFAULT NULL,
  `amount` decimal(15,2) NOT NULL DEFAULT '0.00',
  `payment_method` enum('cash','bank') COLLATE utf8mb4_unicode_ci NOT NULL DEFAULT 'cash',
  `bank_name` varchar(50) COLLATE utf8mb4_unicode_ci DEFAULT NULL,
  `payment_channel` varchar(50) COLLATE utf8mb4_unicode_ci DEFAULT NULL,
  `notes` text COLLATE utf8mb4_unicode_ci,
  `visibility` enum('public','private') COLLATE utf8mb4_unicode_ci NOT NULL DEFAULT 'public',
  `include_in_report` tinyint(1) NOT NULL DEFAULT '1',
  `include_in_cashflow` tinyint(1) NOT NULL DEFAULT '1',
  `created_by` bigint unsigned NOT NULL,
  `created_at` timestamp NULL DEFAULT NULL,
  `updated_at` timestamp NULL DEFAULT NULL,
  PRIMARY KEY (`id`),
  KEY `other_incomes_created_by_foreign` (`created_by`),
  KEY `other_incomes_trx_date_index` (`trx_date`),
  KEY `other_incomes_visibility_index` (`visibility`),
  CONSTRAINT `other_incomes_created_by_foreign` FOREIGN KEY (`created_by`) REFERENCES `users` (`id`)
) ENGINE=InnoDB AUTO_INCREMENT=2 DEFAULT CHARSET=utf8mb4 COLLATE=utf8mb4_unicode_ci;
/*!40101 SET character_set_client = @saved_cs_client */;

--
-- Dumping data for table `other_incomes`
--

LOCK TABLES `other_incomes` WRITE;
/*!40000 ALTER TABLE `other_incomes` DISABLE KEYS */;
/*!40000 ALTER TABLE `other_incomes` ENABLE KEYS */;
UNLOCK TABLES;

--
-- Table structure for table `owner_account_mutations`
--

DROP TABLE IF EXISTS `owner_account_mutations`;
/*!40101 SET @saved_cs_client     = @@character_set_client */;
/*!50503 SET character_set_client = utf8mb4 */;
CREATE TABLE `owner_account_mutations` (
  `id` bigint unsigned NOT NULL AUTO_INCREMENT,
  `owner_finance_case_id` bigint unsigned DEFAULT NULL,
  `owner_finance_monthly_ledger_id` bigint unsigned DEFAULT NULL,
  `mutation_date` date NOT NULL,
  `mutation_type` varchar(20) COLLATE utf8mb4_unicode_ci NOT NULL,
  `source_type` varchar(50) COLLATE utf8mb4_unicode_ci NOT NULL DEFAULT 'owner_finance_ortho',
  `description` varchar(255) COLLATE utf8mb4_unicode_ci NOT NULL,
  `amount` decimal(15,2) NOT NULL DEFAULT '0.00',
  `reference_month` date DEFAULT NULL,
  `is_system_generated` tinyint(1) NOT NULL DEFAULT '1',
  `created_at` timestamp NULL DEFAULT NULL,
  `updated_at` timestamp NULL DEFAULT NULL,
  PRIMARY KEY (`id`),
  KEY `owner_account_mutations_owner_finance_monthly_ledger_id_foreign` (`owner_finance_monthly_ledger_id`),
  KEY `oam_mutation_date_idx` (`mutation_date`),
  KEY `oam_type_source_idx` (`mutation_type`,`source_type`),
  KEY `oam_case_month_idx` (`owner_finance_case_id`,`reference_month`),
  CONSTRAINT `owner_account_mutations_owner_finance_case_id_foreign` FOREIGN KEY (`owner_finance_case_id`) REFERENCES `owner_finance_cases` (`id`) ON DELETE SET NULL,
  CONSTRAINT `owner_account_mutations_owner_finance_monthly_ledger_id_foreign` FOREIGN KEY (`owner_finance_monthly_ledger_id`) REFERENCES `owner_finance_monthly_ledgers` (`id`) ON DELETE SET NULL
) ENGINE=InnoDB DEFAULT CHARSET=utf8mb4 COLLATE=utf8mb4_unicode_ci;
/*!40101 SET character_set_client = @saved_cs_client */;

--
-- Dumping data for table `owner_account_mutations`
--

LOCK TABLES `owner_account_mutations` WRITE;
/*!40000 ALTER TABLE `owner_account_mutations` DISABLE KEYS */;
/*!40000 ALTER TABLE `owner_account_mutations` ENABLE KEYS */;
UNLOCK TABLES;

--
-- Table structure for table `owner_finance_cases`
--

DROP TABLE IF EXISTS `owner_finance_cases`;
/*!40101 SET @saved_cs_client     = @@character_set_client */;
/*!50503 SET character_set_client = utf8mb4 */;
CREATE TABLE `owner_finance_cases` (
  `id` bigint unsigned NOT NULL AUTO_INCREMENT,
  `income_transaction_id` bigint unsigned NOT NULL,
  `case_type` varchar(30) COLLATE utf8mb4_unicode_ci NOT NULL,
  `lab_paid` tinyint(1) NOT NULL DEFAULT '0',
  `installed` tinyint(1) NOT NULL DEFAULT '0',
  `prostho_case_type` varchar(50) COLLATE utf8mb4_unicode_ci DEFAULT NULL,
  `prostho_case_detail` text COLLATE utf8mb4_unicode_ci,
  `lab_bill_amount` decimal(15,2) NOT NULL DEFAULT '0.00',
  `clinic_income_amount` decimal(15,2) NOT NULL DEFAULT '0.00',
  `revenue_recognized_at` datetime DEFAULT NULL,
  `owner_private_notes` text COLLATE utf8mb4_unicode_ci,
  `ortho_allocation_amount` decimal(15,2) NOT NULL DEFAULT '0.00',
  `ortho_payment_mode` varchar(20) COLLATE utf8mb4_unicode_ci DEFAULT NULL,
  `ortho_installment_count` int unsigned DEFAULT NULL,
  `ortho_paid_amount` decimal(15,2) NOT NULL DEFAULT '0.00',
  `ortho_remaining_balance` decimal(15,2) NOT NULL DEFAULT '0.00',
  `needs_setup` tinyint(1) NOT NULL DEFAULT '1',
  `owner_followup_status` varchar(30) COLLATE utf8mb4_unicode_ci DEFAULT NULL,
  `case_progress_status` varchar(50) COLLATE utf8mb4_unicode_ci DEFAULT NULL,
  `owner_last_action_note` varchar(255) COLLATE utf8mb4_unicode_ci DEFAULT NULL,
  `owner_last_action_at` datetime DEFAULT NULL,
  `is_active` tinyint(1) NOT NULL DEFAULT '1',
  `created_by` bigint unsigned DEFAULT NULL,
  `updated_by` bigint unsigned DEFAULT NULL,
  `created_at` timestamp NULL DEFAULT NULL,
  `updated_at` timestamp NULL DEFAULT NULL,
  PRIMARY KEY (`id`),
  UNIQUE KEY `owner_finance_cases_income_transaction_id_unique` (`income_transaction_id`),
  KEY `owner_finance_cases_case_type_lab_paid_installed_index` (`case_type`,`lab_paid`,`installed`),
  CONSTRAINT `owner_finance_cases_income_transaction_id_foreign` FOREIGN KEY (`income_transaction_id`) REFERENCES `income_transactions` (`id`) ON DELETE CASCADE
) ENGINE=InnoDB AUTO_INCREMENT=22 DEFAULT CHARSET=utf8mb4 COLLATE=utf8mb4_unicode_ci;
/*!40101 SET character_set_client = @saved_cs_client */;

--
-- Dumping data for table `owner_finance_cases`
--

LOCK TABLES `owner_finance_cases` WRITE;
/*!40000 ALTER TABLE `owner_finance_cases` DISABLE KEYS */;
INSERT INTO `owner_finance_cases` VALUES (4,17,'ortho',0,0,NULL,NULL,0.00,0.00,NULL,NULL,0.00,NULL,NULL,0.00,0.00,1,'needs_setup','waiting_setup','Menunggu data owner',NULL,1,1,1,'2026-03-12 01:15:47','2026-03-12 01:15:47'),(5,49,'retainer',0,0,NULL,NULL,0.00,2000000.00,NULL,NULL,0.00,NULL,NULL,0.00,0.00,1,'needs_setup','waiting_owner_setup','Menunggu data owner',NULL,1,3,3,'2026-03-15 22:17:32','2026-03-15 22:18:03'),(6,48,'ortho',0,0,NULL,NULL,0.00,0.00,NULL,NULL,0.00,NULL,NULL,0.00,0.00,1,'needs_setup','waiting_setup','Menunggu data owner',NULL,1,1,1,'2026-03-15 22:19:51','2026-03-15 22:19:51'),(7,52,'retainer',0,0,NULL,NULL,0.00,2000000.00,NULL,NULL,0.00,NULL,NULL,0.00,0.00,1,'needs_setup','waiting_owner_setup','Menunggu data owner',NULL,1,3,3,'2026-03-23 18:50:27','2026-03-23 18:51:17'),(8,72,'prostodonti',0,0,NULL,NULL,0.00,0.00,NULL,NULL,0.00,NULL,NULL,0.00,0.00,1,'needs_setup','waiting_owner_setup','Menunggu data owner',NULL,1,1,1,'2026-03-25 06:17:23','2026-03-25 06:17:23'),(9,73,'prostodonti',0,0,NULL,NULL,0.00,2250000.00,NULL,NULL,0.00,NULL,NULL,0.00,0.00,1,'needs_setup','waiting_owner_setup','Menunggu data owner',NULL,1,3,3,'2026-03-25 06:27:08','2026-03-25 06:27:47'),(12,103,'prostodonti',0,0,NULL,NULL,0.00,0.00,NULL,NULL,0.00,NULL,NULL,0.00,0.00,1,'needs_setup','waiting_owner_setup','Menunggu data owner',NULL,1,3,3,'2026-03-28 21:28:51','2026-03-28 21:28:51'),(14,121,'prostodonti',0,0,NULL,NULL,0.00,700000.00,NULL,NULL,0.00,NULL,NULL,0.00,0.00,1,'needs_setup','waiting_owner_setup','Menunggu data owner',NULL,1,3,3,'2026-03-29 18:47:54','2026-03-29 18:48:14'),(17,124,'prostodonti',0,0,NULL,NULL,0.00,0.00,NULL,NULL,0.00,NULL,NULL,0.00,0.00,1,'needs_setup','waiting_owner_setup','Menunggu data owner',NULL,1,1,1,'2026-03-30 05:06:54','2026-03-30 05:06:54'),(18,120,'prostodonti',0,0,NULL,NULL,0.00,0.00,NULL,NULL,0.00,NULL,NULL,0.00,0.00,1,'needs_setup','waiting_owner_setup','Menunggu data owner',NULL,1,1,1,'2026-03-30 05:11:59','2026-03-30 05:11:59'),(21,131,'prostodonti',0,0,NULL,NULL,0.00,0.00,NULL,NULL,0.00,NULL,NULL,0.00,0.00,1,'needs_setup','waiting_owner_setup','Menunggu data owner',NULL,1,1,1,'2026-03-30 06:08:39','2026-03-30 06:08:39');
/*!40000 ALTER TABLE `owner_finance_cases` ENABLE KEYS */;
UNLOCK TABLES;

--
-- Table structure for table `owner_finance_installments`
--

DROP TABLE IF EXISTS `owner_finance_installments`;
/*!40101 SET @saved_cs_client     = @@character_set_client */;
/*!50503 SET character_set_client = utf8mb4 */;
CREATE TABLE `owner_finance_installments` (
  `id` bigint unsigned NOT NULL AUTO_INCREMENT,
  `owner_finance_case_id` bigint unsigned NOT NULL,
  `installment_no` int unsigned NOT NULL,
  `installment_date` date NOT NULL,
  `amount` decimal(15,2) NOT NULL DEFAULT '0.00',
  `notes` text COLLATE utf8mb4_unicode_ci,
  `created_by` bigint unsigned DEFAULT NULL,
  `updated_by` bigint unsigned DEFAULT NULL,
  `created_at` timestamp NULL DEFAULT NULL,
  `updated_at` timestamp NULL DEFAULT NULL,
  PRIMARY KEY (`id`),
  KEY `ofi_case_installment_idx` (`owner_finance_case_id`,`installment_no`),
  KEY `owner_finance_installments_installment_date_index` (`installment_date`),
  CONSTRAINT `owner_finance_installments_owner_finance_case_id_foreign` FOREIGN KEY (`owner_finance_case_id`) REFERENCES `owner_finance_cases` (`id`) ON DELETE CASCADE
) ENGINE=InnoDB AUTO_INCREMENT=10 DEFAULT CHARSET=utf8mb4 COLLATE=utf8mb4_unicode_ci;
/*!40101 SET character_set_client = @saved_cs_client */;

--
-- Dumping data for table `owner_finance_installments`
--

LOCK TABLES `owner_finance_installments` WRITE;
/*!40000 ALTER TABLE `owner_finance_installments` DISABLE KEYS */;
/*!40000 ALTER TABLE `owner_finance_installments` ENABLE KEYS */;
UNLOCK TABLES;

--
-- Table structure for table `owner_finance_monthly_ledgers`
--

DROP TABLE IF EXISTS `owner_finance_monthly_ledgers`;
/*!40101 SET @saved_cs_client     = @@character_set_client */;
/*!50503 SET character_set_client = utf8mb4 */;
CREATE TABLE `owner_finance_monthly_ledgers` (
  `id` bigint unsigned NOT NULL AUTO_INCREMENT,
  `owner_finance_case_id` bigint unsigned NOT NULL,
  `ledger_month` date NOT NULL,
  `opening_balance` decimal(15,2) NOT NULL DEFAULT '0.00',
  `income_amount` decimal(15,2) NOT NULL DEFAULT '0.00',
  `installment_paid` decimal(15,2) NOT NULL DEFAULT '0.00',
  `expense_end_month` decimal(15,2) NOT NULL DEFAULT '0.00',
  `closing_balance` decimal(15,2) NOT NULL DEFAULT '0.00',
  `is_closed` tinyint(1) NOT NULL DEFAULT '0',
  `notes` text COLLATE utf8mb4_unicode_ci,
  `created_at` timestamp NULL DEFAULT NULL,
  `updated_at` timestamp NULL DEFAULT NULL,
  PRIMARY KEY (`id`),
  UNIQUE KEY `ofml_case_month_unique` (`owner_finance_case_id`,`ledger_month`),
  KEY `ofml_ledger_month_idx` (`ledger_month`),
  CONSTRAINT `owner_finance_monthly_ledgers_owner_finance_case_id_foreign` FOREIGN KEY (`owner_finance_case_id`) REFERENCES `owner_finance_cases` (`id`) ON DELETE CASCADE
) ENGINE=InnoDB AUTO_INCREMENT=33 DEFAULT CHARSET=utf8mb4 COLLATE=utf8mb4_unicode_ci;
/*!40101 SET character_set_client = @saved_cs_client */;

--
-- Dumping data for table `owner_finance_monthly_ledgers`
--

LOCK TABLES `owner_finance_monthly_ledgers` WRITE;
/*!40000 ALTER TABLE `owner_finance_monthly_ledgers` DISABLE KEYS */;
/*!40000 ALTER TABLE `owner_finance_monthly_ledgers` ENABLE KEYS */;
UNLOCK TABLES;

--
-- Table structure for table `owner_private_transactions`
--

DROP TABLE IF EXISTS `owner_private_transactions`;
/*!40101 SET @saved_cs_client     = @@character_set_client */;
/*!50503 SET character_set_client = utf8mb4 */;
CREATE TABLE `owner_private_transactions` (
  `id` bigint unsigned NOT NULL AUTO_INCREMENT,
  `trx_date` date NOT NULL,
  `type` enum('income','expense') COLLATE utf8mb4_unicode_ci NOT NULL,
  `category` varchar(100) COLLATE utf8mb4_unicode_ci DEFAULT NULL,
  `source` varchar(255) COLLATE utf8mb4_unicode_ci DEFAULT NULL,
  `description` varchar(255) COLLATE utf8mb4_unicode_ci NOT NULL,
  `payment_method` enum('TUNAI','BCA','BNI','BRI') COLLATE utf8mb4_unicode_ci NOT NULL DEFAULT 'TUNAI',
  `amount` decimal(15,2) NOT NULL DEFAULT '0.00',
  `notes` text COLLATE utf8mb4_unicode_ci,
  `created_by` bigint unsigned NOT NULL,
  `created_at` timestamp NULL DEFAULT NULL,
  `updated_at` timestamp NULL DEFAULT NULL,
  PRIMARY KEY (`id`),
  KEY `owner_private_transactions_trx_date_index` (`trx_date`),
  KEY `owner_private_transactions_type_index` (`type`),
  KEY `owner_private_transactions_created_by_index` (`created_by`),
  KEY `owner_private_transactions_category_index` (`category`),
  CONSTRAINT `owner_private_transactions_created_by_foreign` FOREIGN KEY (`created_by`) REFERENCES `users` (`id`) ON DELETE RESTRICT ON UPDATE CASCADE
) ENGINE=InnoDB AUTO_INCREMENT=2 DEFAULT CHARSET=utf8mb4 COLLATE=utf8mb4_unicode_ci;
/*!40101 SET character_set_client = @saved_cs_client */;

--
-- Dumping data for table `owner_private_transactions`
--

LOCK TABLES `owner_private_transactions` WRITE;
/*!40000 ALTER TABLE `owner_private_transactions` DISABLE KEYS */;
INSERT INTO `owner_private_transactions` VALUES (1,'2026-03-13','income','bonus','vendor maxima','bonus foto','TUNAI',3000000.00,NULL,1,'2026-03-13 07:07:03','2026-03-13 07:07:03');
/*!40000 ALTER TABLE `owner_private_transactions` ENABLE KEYS */;
UNLOCK TABLES;

--
-- Table structure for table `password_reset_tokens`
--

DROP TABLE IF EXISTS `password_reset_tokens`;
/*!40101 SET @saved_cs_client     = @@character_set_client */;
/*!50503 SET character_set_client = utf8mb4 */;
CREATE TABLE `password_reset_tokens` (
  `email` varchar(255) COLLATE utf8mb4_unicode_ci NOT NULL,
  `token` varchar(255) COLLATE utf8mb4_unicode_ci NOT NULL,
  `created_at` timestamp NULL DEFAULT NULL,
  PRIMARY KEY (`email`)
) ENGINE=InnoDB DEFAULT CHARSET=utf8mb4 COLLATE=utf8mb4_unicode_ci;
/*!40101 SET character_set_client = @saved_cs_client */;

--
-- Dumping data for table `password_reset_tokens`
--

LOCK TABLES `password_reset_tokens` WRITE;
/*!40000 ALTER TABLE `password_reset_tokens` DISABLE KEYS */;
/*!40000 ALTER TABLE `password_reset_tokens` ENABLE KEYS */;
UNLOCK TABLES;

--
-- Table structure for table `patients`
--

DROP TABLE IF EXISTS `patients`;
/*!40101 SET @saved_cs_client     = @@character_set_client */;
/*!50503 SET character_set_client = utf8mb4 */;
CREATE TABLE `patients` (
  `id` bigint unsigned NOT NULL AUTO_INCREMENT,
  `name` varchar(150) COLLATE utf8mb4_unicode_ci NOT NULL,
  `phone` varchar(50) COLLATE utf8mb4_unicode_ci DEFAULT NULL,
  `created_at` timestamp NULL DEFAULT NULL,
  `updated_at` timestamp NULL DEFAULT NULL,
  PRIMARY KEY (`id`)
) ENGINE=InnoDB AUTO_INCREMENT=107 DEFAULT CHARSET=utf8mb4 COLLATE=utf8mb4_unicode_ci;
/*!40101 SET character_set_client = @saved_cs_client */;

--
-- Dumping data for table `patients`
--

LOCK TABLES `patients` WRITE;
/*!40000 ALTER TABLE `patients` DISABLE KEYS */;
INSERT INTO `patients` VALUES (1,'Ristho','081111','2026-03-01 07:18:56','2026-03-01 07:18:56'),(2,'ernest','08111111','2026-03-05 22:48:34','2026-03-05 22:48:34'),(3,'MUH.KARIM',NULL,'2026-03-06 05:58:42','2026-03-06 05:58:42'),(4,'MUH.KARIM','08111111','2026-03-06 05:59:24','2026-03-06 05:59:24'),(5,'APRIJAL HAMZAH','08111111','2026-03-06 22:51:56','2026-03-06 22:51:56'),(6,'DIMAS ADHI',NULL,'2026-03-06 22:54:15','2026-03-06 22:54:15'),(7,'Ristho',NULL,'2026-03-07 00:01:37','2026-03-07 00:01:37'),(8,'amor',NULL,'2026-03-07 00:26:39','2026-03-07 00:26:39'),(9,'MOH. AWALUDDIN ADAM',NULL,'2026-03-07 01:21:20','2026-03-07 01:21:20'),(10,'ASSAFWA',NULL,'2026-03-07 01:22:40','2026-03-07 01:22:40'),(11,'WAHYU S MAGA',NULL,'2026-03-07 01:23:47','2026-03-07 01:23:47'),(12,'HENDRA A PATUHA',NULL,'2026-03-07 01:25:33','2026-03-07 01:25:33'),(13,'RIKO OKTORA WAHYUDI',NULL,'2026-03-07 01:27:15','2026-03-07 01:27:15'),(14,'NI KADEK DWI MELLAWATI',NULL,'2026-03-07 01:51:29','2026-03-07 01:51:29'),(15,'Ny. AFRILIA MOPILI',NULL,'2026-03-07 07:35:20','2026-03-07 07:35:20'),(16,'Ny. SRI YULANI BANTENG',NULL,'2026-03-07 07:37:07','2026-03-07 07:37:07'),(17,'Ernest',NULL,'2026-03-10 01:42:23','2026-03-10 01:42:23'),(18,'REYMAN FEBRIAN',NULL,'2026-03-11 19:53:44','2026-03-11 19:53:44'),(19,'DANDI ALFAREZEL',NULL,'2026-03-11 19:55:36','2026-03-11 19:55:36'),(20,'MUH. ALI',NULL,'2026-03-11 21:27:35','2026-03-11 21:27:35'),(21,'FAKRI RAMDAHAN',NULL,'2026-03-11 21:28:25','2026-03-11 21:28:25'),(22,'MUHAMAD KARIM',NULL,'2026-03-11 21:30:12','2026-03-11 21:30:12'),(23,'MUH. SATRIO H. ALINTI',NULL,'2026-03-11 21:40:49','2026-03-11 21:40:49'),(24,'YOLANDA RAUF',NULL,'2026-03-11 21:49:09','2026-03-11 21:49:09'),(25,'TAUFIK R.Y TOWADI',NULL,'2026-03-11 21:50:39','2026-03-11 21:50:39'),(26,'MOH. DIYAS RAHIM',NULL,'2026-03-11 21:52:42','2026-03-11 21:52:42'),(27,'ABD. RAHMAN ISMAIL',NULL,'2026-03-11 21:53:58','2026-03-11 21:53:58'),(28,'NN. FATMAWATI U HADJI',NULL,'2026-03-12 01:06:25','2026-03-12 01:06:25'),(29,'FEBRIANTO MOHAMAD',NULL,'2026-03-12 01:07:59','2026-03-12 01:07:59'),(30,'NAFHILLAH ADIKA',NULL,'2026-03-12 01:12:58','2026-03-12 01:12:58'),(31,'VICKY ALEXANDER',NULL,'2026-03-12 01:15:15','2026-03-12 01:15:15'),(32,'I WAYAN YOGI',NULL,'2026-03-12 07:27:25','2026-03-12 07:27:25'),(33,'DEWA GEDE ALIF',NULL,'2026-03-12 07:30:19','2026-03-12 07:30:19'),(34,'OKTAVIANUS RUUNG',NULL,'2026-03-12 07:32:53','2026-03-12 07:32:53'),(35,'FAHRI JULIHARTO',NULL,'2026-03-12 07:34:14','2026-03-12 07:34:14'),(36,'NIKMA ELSA RUSTAM',NULL,'2026-03-12 07:36:02','2026-03-12 07:36:02'),(37,'MOH. FAHRI DJAENA',NULL,'2026-03-12 07:50:47','2026-03-12 07:50:47'),(38,'JIHAD ALAMRI',NULL,'2026-03-12 07:51:27','2026-03-12 07:51:27'),(39,'RAHMAT TOI',NULL,'2026-03-12 07:53:24','2026-03-12 07:53:24'),(40,'RIDO DEO ARGA',NULL,'2026-03-12 07:55:26','2026-03-12 07:55:26'),(41,'FAREL EMERALD',NULL,'2026-03-12 07:58:00','2026-03-12 07:58:00'),(42,'ADITIA SAFITRA',NULL,'2026-03-12 08:15:58','2026-03-12 08:15:58'),(43,'FAHREZA SULAMEN',NULL,'2026-03-13 00:20:05','2026-03-13 00:20:05'),(44,'AFZALURAHMAN LIHAWA',NULL,'2026-03-13 00:22:39','2026-03-13 00:22:39'),(45,'MUADBAL SULEAN',NULL,'2026-03-13 00:24:21','2026-03-13 00:24:21'),(46,'MOH. ABDUL FARI',NULL,'2026-03-13 00:28:05','2026-03-13 00:28:05'),(47,'MEGA PRATAMA',NULL,'2026-03-13 00:32:52','2026-03-13 00:32:52'),(48,'MEGA PURNAMA',NULL,'2026-03-13 00:40:22','2026-03-13 00:40:22'),(49,'NUR YACOB',NULL,'2026-03-13 00:40:50','2026-03-13 00:40:50'),(50,'KHAIRUNISA DM',NULL,'2026-03-13 00:42:47','2026-03-13 00:42:47'),(51,'MOH. ADIYANSYAH DARISE',NULL,'2026-03-15 21:48:58','2026-03-15 21:48:58'),(52,'PERDI',NULL,'2026-03-15 21:53:52','2026-03-15 21:53:52'),(53,'NY. NI KADEK MELIAWATI',NULL,'2026-03-15 21:56:41','2026-03-15 21:56:41'),(54,'MUH. AKBAR EKA',NULL,'2026-03-15 21:58:29','2026-03-15 21:58:29'),(55,'ANJANESA',NULL,'2026-03-15 22:02:14','2026-03-15 22:02:14'),(56,'JELICA D.C BOBIHU',NULL,'2026-03-15 22:09:10','2026-03-15 22:09:10'),(57,'AZKA QAXUIL',NULL,'2026-03-15 22:14:03','2026-03-15 22:14:03'),(58,'DENTOVA',NULL,'2026-03-15 22:25:26','2026-03-15 22:25:26'),(59,'Nadjib Idrus',NULL,'2026-03-23 18:49:51','2026-03-23 18:49:51'),(60,'Raditya Putra',NULL,'2026-03-23 18:52:14','2026-03-23 18:52:14'),(61,'M. Azhar Wadipolapa',NULL,'2026-03-23 18:55:03','2026-03-23 18:55:03'),(62,'M. Prasetyo M',NULL,'2026-03-23 18:56:42','2026-03-23 18:56:42'),(63,'Khairunnisa',NULL,'2026-03-23 18:58:34','2026-03-23 18:58:34'),(64,'Ramdan Abd. Rahman',NULL,'2026-03-23 19:54:28','2026-03-23 19:54:28'),(65,'Moh. Adlyansah Putra Darise',NULL,'2026-03-23 22:05:53','2026-03-23 22:05:53'),(66,'Moh. Fajrul Fallah',NULL,'2026-03-23 22:08:05','2026-03-23 22:08:05'),(67,'Yosua Pilat',NULL,'2026-03-23 22:40:18','2026-03-23 22:40:18'),(68,'Moh. Adlyansah P. Darise',NULL,'2026-03-25 05:09:48','2026-03-25 05:09:48'),(69,'Wayan Evan Setiawan',NULL,'2026-03-25 05:18:25','2026-03-25 05:18:25'),(70,'Gusti Darmawan Bima',NULL,'2026-03-25 05:25:01','2026-03-25 05:25:01'),(71,'Mohamad Azhar Wadipolapa',NULL,'2026-03-25 05:29:44','2026-03-25 05:29:44'),(72,'Ayatullah Islamuddin',NULL,'2026-03-25 05:33:58','2026-03-25 05:33:58'),(73,'Saepul',NULL,'2026-03-25 05:36:37','2026-03-25 05:36:37'),(74,'Nur Safitra Adelia',NULL,'2026-03-25 05:40:18','2026-03-25 05:40:18'),(75,'Moh Fahreza Suleman',NULL,'2026-03-25 05:58:39','2026-03-25 05:58:39'),(76,'Ny. Sakila',NULL,'2026-03-25 06:08:59','2026-03-25 06:08:59'),(77,'Fadil Djumadir',NULL,'2026-03-25 06:25:20','2026-03-25 06:25:20'),(78,'Adly Dafatya',NULL,'2026-03-25 06:33:50','2026-03-25 06:33:50'),(79,'Dhimas Adhy',NULL,'2026-03-27 23:00:57','2026-03-27 23:00:57'),(80,'Ny. Ni Kadek Dwi Meliawati',NULL,'2026-03-27 23:04:03','2026-03-27 23:04:03'),(81,'Fachri Hidayat',NULL,'2026-03-27 23:05:49','2026-03-27 23:05:49'),(82,'Fakhri Ramdahan',NULL,'2026-03-27 23:07:00','2026-03-27 23:07:00'),(83,'Aldiansah Podungge',NULL,'2026-03-27 23:13:53','2026-03-27 23:13:53'),(84,'Abigail',NULL,'2026-03-27 23:16:41','2026-03-27 23:16:41'),(85,'Siti Janeeta',NULL,'2026-03-27 23:26:54','2026-03-27 23:26:54'),(86,'Sri Mulyana Lihawa',NULL,'2026-03-28 21:12:30','2026-03-28 21:12:30'),(87,'JUPRISAN / KA SPN',NULL,'2026-03-28 21:15:04','2026-03-28 21:15:04'),(88,'Febriyanto Mohamad',NULL,'2026-03-28 21:40:22','2026-03-28 21:40:22'),(89,'Nafhillah Adika Putra',NULL,'2026-03-28 21:46:20','2026-03-28 21:46:20'),(90,'Fahreza Suleman',NULL,'2026-03-28 21:48:11','2026-03-28 21:48:11'),(91,'Aristo',NULL,'2026-03-28 21:50:25','2026-03-28 21:50:25'),(92,'M. Ammar Edwin',NULL,'2026-03-28 21:54:18','2026-03-28 21:54:18'),(93,'I.P. G Denny',NULL,'2026-03-28 21:56:02','2026-03-28 21:56:02'),(94,'Sitty Humairah',NULL,'2026-03-28 21:57:00','2026-03-28 21:57:00'),(95,'Afzalurrahman Lihawa',NULL,'2026-03-28 22:01:10','2026-03-28 22:01:10'),(96,'Nur Inzani',NULL,'2026-03-28 22:04:15','2026-03-28 22:04:15'),(97,'Ny. Heni Una',NULL,'2026-03-28 22:05:25','2026-03-28 22:05:25'),(98,'Arkan Raihan',NULL,'2026-03-28 22:07:10','2026-03-28 22:07:10'),(99,'Jusrianto',NULL,'2026-03-28 22:08:25','2026-03-28 22:08:25'),(100,'amnest',NULL,'2026-03-28 22:24:04','2026-03-28 22:24:04'),(101,'Ny. Anna',NULL,'2026-03-29 17:54:19','2026-03-29 17:54:19'),(102,'Adrian M. Pomuato',NULL,'2026-03-29 18:03:19','2026-03-29 18:03:19'),(103,'Frans Manuel',NULL,'2026-03-29 18:05:17','2026-03-29 18:05:17'),(104,'Taufik R. Y Towadi',NULL,'2026-03-29 18:49:42','2026-03-29 18:49:42'),(105,'Reihan Bayu',NULL,'2026-03-29 18:52:26','2026-03-29 18:52:26'),(106,'Tn. Mikson Niode',NULL,'2026-03-29 18:53:57','2026-03-29 18:53:57');
/*!40000 ALTER TABLE `patients` ENABLE KEYS */;
UNLOCK TABLES;

--
-- Table structure for table `payment_methods`
--

DROP TABLE IF EXISTS `payment_methods`;
/*!40101 SET @saved_cs_client     = @@character_set_client */;
/*!50503 SET character_set_client = utf8mb4 */;
CREATE TABLE `payment_methods` (
  `id` bigint unsigned NOT NULL AUTO_INCREMENT,
  `name` enum('TUNAI','BCA','BNI','BRI') COLLATE utf8mb4_unicode_ci NOT NULL,
  `is_active` tinyint NOT NULL DEFAULT '1',
  `created_at` timestamp NULL DEFAULT NULL,
  `updated_at` timestamp NULL DEFAULT NULL,
  PRIMARY KEY (`id`),
  UNIQUE KEY `payment_methods_name_unique` (`name`)
) ENGINE=InnoDB AUTO_INCREMENT=9 DEFAULT CHARSET=utf8mb4 COLLATE=utf8mb4_unicode_ci;
/*!40101 SET character_set_client = @saved_cs_client */;

--
-- Dumping data for table `payment_methods`
--

LOCK TABLES `payment_methods` WRITE;
/*!40000 ALTER TABLE `payment_methods` DISABLE KEYS */;
INSERT INTO `payment_methods` VALUES (1,'TUNAI',1,'2026-02-28 06:35:01','2026-02-28 06:35:01'),(2,'BCA',1,'2026-02-28 06:35:01','2026-02-28 06:35:01'),(3,'BNI',1,'2026-02-28 06:35:01','2026-02-28 06:35:01'),(4,'BRI',1,'2026-02-28 06:35:01','2026-02-28 06:35:01');
/*!40000 ALTER TABLE `payment_methods` ENABLE KEYS */;
UNLOCK TABLES;

--
-- Table structure for table `payments`
--

DROP TABLE IF EXISTS `payments`;
/*!40101 SET @saved_cs_client     = @@character_set_client */;
/*!50503 SET character_set_client = utf8mb4 */;
CREATE TABLE `payments` (
  `id` bigint unsigned NOT NULL AUTO_INCREMENT,
  `transaction_id` bigint unsigned NOT NULL,
  `payment_method_id` bigint unsigned NOT NULL,
  `channel` enum('CASH','TRANSFER','EDC','QRIS') COLLATE utf8mb4_unicode_ci NOT NULL DEFAULT 'CASH',
  `amount` decimal(15,2) NOT NULL DEFAULT '0.00',
  `pay_date` date NOT NULL,
  `created_at` timestamp NULL DEFAULT NULL,
  `updated_at` timestamp NULL DEFAULT NULL,
  PRIMARY KEY (`id`),
  KEY `payments_transaction_id_index` (`transaction_id`),
  KEY `payments_payment_method_id_index` (`payment_method_id`),
  KEY `payments_pay_date_index` (`pay_date`),
  KEY `payments_payment_method_id_channel_index` (`payment_method_id`,`channel`),
  CONSTRAINT `payments_payment_method_id_foreign` FOREIGN KEY (`payment_method_id`) REFERENCES `payment_methods` (`id`),
  CONSTRAINT `payments_transaction_id_foreign` FOREIGN KEY (`transaction_id`) REFERENCES `income_transactions` (`id`) ON DELETE CASCADE
) ENGINE=InnoDB AUTO_INCREMENT=133 DEFAULT CHARSET=utf8mb4 COLLATE=utf8mb4_unicode_ci;
/*!40101 SET character_set_client = @saved_cs_client */;

--
-- Dumping data for table `payments`
--

LOCK TABLES `payments` WRITE;
/*!40000 ALTER TABLE `payments` DISABLE KEYS */;
INSERT INTO `payments` VALUES (6,6,1,'CASH',350000.00,'2026-03-11','2026-03-11 21:44:04','2026-03-11 21:44:04'),(9,3,1,'CASH',300000.00,'2026-03-11','2026-03-11 21:47:16','2026-03-11 21:47:16'),(11,1,1,'CASH',300000.00,'2026-03-11','2026-03-11 21:48:33','2026-03-11 21:48:33'),(12,7,1,'CASH',150000.00,'2026-03-11','2026-03-11 21:50:10','2026-03-11 21:50:10'),(13,8,1,'CASH',400000.00,'2026-03-11','2026-03-11 21:52:10','2026-03-11 21:52:10'),(16,12,4,'EDC',900000.00,'2026-03-11','2026-03-11 23:56:13','2026-03-11 23:56:13'),(17,13,1,'CASH',350000.00,'2026-03-11','2026-03-12 00:44:24','2026-03-12 00:44:24'),(18,9,1,'CASH',1750000.00,'2026-03-11','2026-03-12 00:45:50','2026-03-12 00:45:50'),(19,4,1,'CASH',300000.00,'2026-03-11','2026-03-12 00:51:17','2026-03-12 00:51:17'),(21,10,4,'EDC',350000.00,'2026-03-11','2026-03-12 01:02:05','2026-03-12 01:02:05'),(22,14,3,'QRIS',150000.00,'2026-03-10','2026-03-12 01:07:14','2026-03-12 01:07:14'),(23,17,1,'CASH',5000000.00,'2026-03-10','2026-03-12 01:16:16','2026-03-12 01:16:16'),(24,18,1,'CASH',350000.00,'2026-03-12','2026-03-12 07:28:15','2026-03-12 07:28:15'),(25,19,1,'CASH',300000.00,'2026-03-12','2026-03-12 07:32:15','2026-03-12 07:32:15'),(26,20,3,'QRIS',350000.00,'2026-03-12','2026-03-12 07:33:40','2026-03-12 07:33:40'),(27,21,3,'QRIS',350000.00,'2026-03-12','2026-03-12 07:34:53','2026-03-12 07:34:53'),(28,22,3,'EDC',1050000.00,'2026-03-12','2026-03-12 07:38:37','2026-03-12 07:38:37'),(29,23,3,'QRIS',1500000.00,'2026-03-12','2026-03-12 07:49:21','2026-03-12 07:49:21'),(30,24,1,'CASH',150000.00,'2026-03-12','2026-03-12 07:52:42','2026-03-12 07:52:42'),(31,25,1,'CASH',1050000.00,'2026-03-12','2026-03-12 07:54:40','2026-03-12 07:54:40'),(32,26,3,'QRIS',600000.00,'2026-03-12','2026-03-12 07:56:58','2026-03-12 07:56:58'),(33,27,1,'CASH',300000.00,'2026-03-12','2026-03-12 07:58:51','2026-03-12 07:58:51'),(34,28,1,'CASH',350000.00,'2026-03-12','2026-03-12 08:16:52','2026-03-12 08:16:52'),(35,30,1,'CASH',900000.00,'2026-03-10','2026-03-13 00:21:44','2026-03-13 00:21:44'),(36,31,1,'CASH',300000.00,'2026-03-10','2026-03-13 00:23:27','2026-03-13 00:23:27'),(37,32,3,'EDC',350000.00,'2026-03-10','2026-03-13 00:26:01','2026-03-13 00:26:01'),(38,33,1,'CASH',300000.00,'2026-03-10','2026-03-13 00:27:29','2026-03-13 00:27:29'),(39,34,1,'CASH',1800000.00,'2026-03-10','2026-03-13 00:32:14','2026-03-13 00:32:14'),(40,35,3,'EDC',600000.00,'2026-03-10','2026-03-13 00:34:18','2026-03-13 00:34:18'),(41,36,3,'QRIS',600000.00,'2026-03-10','2026-03-13 00:42:16','2026-03-13 00:42:16'),(42,37,3,'QRIS',350000.00,'2026-03-10','2026-03-13 00:43:49','2026-03-13 00:43:49'),(43,38,1,'CASH',900000.00,'2026-03-10','2026-03-13 01:01:13','2026-03-13 01:01:13'),(44,39,1,'CASH',400000.00,'2026-03-10','2026-03-13 01:51:34','2026-03-13 01:51:34'),(46,41,1,'CASH',700000.00,'2026-03-09','2026-03-15 21:52:30','2026-03-15 21:52:30'),(47,43,3,'QRIS',300000.00,'2026-03-14','2026-03-15 21:57:34','2026-03-15 21:57:34'),(49,45,1,'CASH',350000.00,'2026-03-14','2026-03-15 22:03:15','2026-03-15 22:03:15'),(50,44,4,'EDC',1050000.00,'2026-03-14','2026-03-15 22:05:21','2026-03-15 22:05:21'),(51,42,4,'EDC',1050000.00,'2026-03-14','2026-03-15 22:06:38','2026-03-15 22:06:38'),(52,46,3,'QRIS',1000000.00,'2026-03-14','2026-03-15 22:10:59','2026-03-15 22:10:59'),(53,47,3,'QRIS',400000.00,'2026-03-14','2026-03-15 22:12:45','2026-03-15 22:12:45'),(54,48,3,'QRIS',20000000.00,'2026-03-14','2026-03-15 22:16:09','2026-03-15 22:16:09'),(55,49,3,'QRIS',2000000.00,'2026-03-14','2026-03-15 22:18:03','2026-03-15 22:18:03'),(56,50,1,'CASH',50000.00,'2026-03-14','2026-03-15 22:26:14','2026-03-15 22:26:14'),(57,52,4,'EDC',2000000.00,'2026-03-17','2026-03-23 18:51:17','2026-03-23 18:51:17'),(58,53,1,'CASH',650000.00,'2026-03-17','2026-03-23 18:54:22','2026-03-23 18:54:22'),(59,53,4,'EDC',2500000.00,'2026-03-17','2026-03-23 18:54:22','2026-03-23 18:54:22'),(60,54,1,'CASH',1050000.00,'2026-03-17','2026-03-23 18:55:52','2026-03-23 18:55:52'),(61,55,3,'QRIS',150000.00,'2026-03-17','2026-03-23 18:57:51','2026-03-23 18:57:51'),(62,56,4,'EDC',400000.00,'2026-03-17','2026-03-23 19:51:07','2026-03-23 19:51:07'),(63,57,1,'CASH',600000.00,'2026-03-17','2026-03-23 20:11:10','2026-03-23 20:11:10'),(65,59,4,'EDC',2200000.00,'2026-03-17','2026-03-23 20:50:09','2026-03-23 20:50:09'),(66,60,1,'CASH',700000.00,'2026-03-16','2026-03-23 22:06:43','2026-03-23 22:06:43'),(67,61,3,'QRIS',350000.00,'2026-03-16','2026-03-23 22:10:08','2026-03-23 22:10:08'),(68,63,1,'CASH',350000.00,'2026-03-25','2026-03-25 05:11:58','2026-03-25 05:11:58'),(69,65,1,'CASH',650000.00,'2026-03-25','2026-03-25 05:28:17','2026-03-25 05:28:17'),(70,66,1,'CASH',1050000.00,'2026-03-25','2026-03-25 05:32:17','2026-03-25 05:32:17'),(71,67,4,'QRIS',350000.00,'2026-03-25','2026-03-25 05:35:54','2026-03-25 05:35:54'),(72,68,3,'QRIS',3500000.00,'2026-03-25','2026-03-25 05:39:17','2026-03-25 05:39:17'),(73,69,4,'QRIS',1750000.00,'2026-03-25','2026-03-25 05:49:37','2026-03-25 05:49:37'),(74,64,4,'TRANSFER',900000.00,'2026-03-25','2026-03-25 05:54:20','2026-03-25 05:54:20'),(75,71,1,'CASH',150000.00,'2026-03-25','2026-03-25 06:00:03','2026-03-25 06:00:03'),(76,73,4,'TRANSFER',2250000.00,'2026-03-25','2026-03-25 06:27:47','2026-03-25 06:27:47'),(77,74,1,'CASH',950000.00,'2026-03-25','2026-03-25 06:35:19','2026-03-25 06:35:19'),(83,83,1,'CASH',250000.00,'2026-03-26','2026-03-26 16:00:11','2026-03-26 16:00:11'),(84,83,2,'TRANSFER',200000.00,'2026-03-26','2026-03-26 16:00:11','2026-03-26 16:00:11'),(85,83,4,'TRANSFER',250000.00,'2026-03-26','2026-03-26 16:00:11','2026-03-26 16:00:11'),(86,84,1,'CASH',150000.00,'2026-03-27','2026-03-26 16:01:42','2026-03-26 16:01:42'),(87,84,2,'TRANSFER',250000.00,'2026-03-27','2026-03-26 16:01:42','2026-03-26 16:01:42'),(88,85,1,'CASH',400000.00,'2026-03-27','2026-03-26 16:11:20','2026-03-26 16:11:20'),(89,85,2,'TRANSFER',300000.00,'2026-03-27','2026-03-26 16:11:20','2026-03-26 16:11:20'),(90,85,3,'TRANSFER',300000.00,'2026-03-27','2026-03-26 16:11:20','2026-03-26 16:11:20'),(91,86,1,'CASH',250000.00,'2026-03-27','2026-03-26 16:30:22','2026-03-26 16:30:22'),(92,86,2,'TRANSFER',350000.00,'2026-03-27','2026-03-26 16:30:22','2026-03-26 16:30:22'),(93,88,1,'CASH',600000.00,'2026-03-28','2026-03-27 23:03:00','2026-03-27 23:03:00'),(94,89,4,'QRIS',350000.00,'2026-03-28','2026-03-27 23:05:10','2026-03-27 23:05:10'),(95,90,1,'CASH',350000.00,'2026-03-28','2026-03-27 23:06:34','2026-03-27 23:06:34'),(96,91,3,'TRANSFER',750000.00,'2026-03-28','2026-03-27 23:08:54','2026-03-27 23:08:54'),(97,93,1,'CASH',350000.00,'2026-03-28','2026-03-27 23:15:51','2026-03-27 23:15:51'),(98,95,2,'EDC',350000.00,'2026-03-28','2026-03-28 06:06:20','2026-03-28 06:06:20'),(100,99,4,'EDC',700000.00,'2026-03-28','2026-03-28 07:26:12','2026-03-28 07:26:12'),(101,100,1,'CASH',350000.00,'2026-03-02','2026-03-28 21:12:06','2026-03-28 21:12:06'),(103,101,1,'CASH',350000.00,'2026-03-02','2026-03-28 21:36:45','2026-03-28 21:36:45'),(109,110,1,'CASH',350000.00,'2026-03-03','2026-03-28 21:58:22','2026-03-28 21:58:22'),(111,112,1,'CASH',300000.00,'2026-03-03','2026-03-28 22:03:39','2026-03-28 22:03:39'),(116,116,1,'CASH',150000.00,'2026-03-03','2026-03-28 22:58:26','2026-03-28 22:58:26'),(117,105,1,'CASH',350000.00,'2026-03-03','2026-03-28 23:02:05','2026-03-28 23:02:05'),(118,111,1,'CASH',300000.00,'2026-03-03','2026-03-28 23:05:03','2026-03-28 23:05:03'),(120,115,1,'CASH',1050000.00,'2026-03-03','2026-03-28 23:06:48','2026-03-28 23:06:48'),(121,114,2,'QRIS',350000.00,'2026-03-03','2026-03-28 23:07:31','2026-03-28 23:07:31'),(122,113,4,'QRIS',600000.00,'2026-03-03','2026-03-28 23:08:19','2026-03-28 23:08:19'),(123,109,4,'QRIS',350000.00,'2026-03-03','2026-03-28 23:09:10','2026-03-28 23:09:10'),(124,108,4,'QRIS',350000.00,'2026-03-03','2026-03-28 23:09:52','2026-03-28 23:09:52'),(125,107,4,'QRIS',400000.00,'2026-03-03','2026-03-28 23:10:29','2026-03-28 23:10:29'),(126,106,1,'CASH',600000.00,'2026-03-03','2026-03-28 23:11:07','2026-03-28 23:11:07'),(127,121,1,'CASH',700000.00,'2026-03-04','2026-03-29 18:48:14','2026-03-29 18:48:14'),(129,118,1,'CASH',350000.00,'2026-03-04','2026-03-29 18:51:52','2026-03-29 18:51:52'),(130,122,1,'CASH',350000.00,'2026-03-04','2026-03-29 18:56:48','2026-03-29 18:56:48');
/*!40000 ALTER TABLE `payments` ENABLE KEYS */;
UNLOCK TABLES;

--
-- Table structure for table `sessions`
--

DROP TABLE IF EXISTS `sessions`;
/*!40101 SET @saved_cs_client     = @@character_set_client */;
/*!50503 SET character_set_client = utf8mb4 */;
CREATE TABLE `sessions` (
  `id` varchar(255) COLLATE utf8mb4_unicode_ci NOT NULL,
  `user_id` bigint unsigned DEFAULT NULL,
  `ip_address` varchar(45) COLLATE utf8mb4_unicode_ci DEFAULT NULL,
  `user_agent` text COLLATE utf8mb4_unicode_ci,
  `payload` longtext COLLATE utf8mb4_unicode_ci NOT NULL,
  `last_activity` int NOT NULL,
  PRIMARY KEY (`id`),
  KEY `sessions_user_id_index` (`user_id`),
  KEY `sessions_last_activity_index` (`last_activity`)
) ENGINE=InnoDB DEFAULT CHARSET=utf8mb4 COLLATE=utf8mb4_unicode_ci;
/*!40101 SET character_set_client = @saved_cs_client */;

--
-- Dumping data for table `sessions`
--

LOCK TABLES `sessions` WRITE;
/*!40000 ALTER TABLE `sessions` DISABLE KEYS */;
INSERT INTO `sessions` VALUES ('W20WxbU2Zq4c7Nuv0GkOgXjrilrlADluurYIZMfj',NULL,'127.0.0.1','Mozilla/5.0 (Windows NT 10.0; Win64; x64) AppleWebKit/537.36 (KHTML, like Gecko) Chrome/145.0.0.0 Safari/537.36','YTo0OntzOjY6Il90b2tlbiI7czo0MDoiV05Nb2FWNTFxWnhTeVBKRUJoMW5DM2UwVktTNk5yT2FZOTJycmRNYSI7czo2OiJfZmxhc2giO2E6Mjp7czozOiJvbGQiO2E6MDp7fXM6MzoibmV3IjthOjA6e319czo5OiJfcHJldmlvdXMiO2E6Mjp7czozOiJ1cmwiO3M6Mjc6Imh0dHA6Ly8xMjcuMC4wLjE6ODAwMC9sb2dpbiI7czo1OiJyb3V0ZSI7czo1OiJsb2dpbiI7fXM6MzoidXJsIjthOjE6e3M6ODoiaW50ZW5kZWQiO3M6MzE6Imh0dHA6Ly8xMjcuMC4wLjE6ODAwMC9kYXNoYm9hcmQiO319',1772278937);
/*!40000 ALTER TABLE `sessions` ENABLE KEYS */;
UNLOCK TABLES;

--
-- Table structure for table `settings`
--

DROP TABLE IF EXISTS `settings`;
/*!40101 SET @saved_cs_client     = @@character_set_client */;
/*!50503 SET character_set_client = utf8mb4 */;
CREATE TABLE `settings` (
  `id` bigint unsigned NOT NULL AUTO_INCREMENT,
  `clinic_name` varchar(200) COLLATE utf8mb4_unicode_ci NOT NULL,
  `clinic_address` text COLLATE utf8mb4_unicode_ci,
  `clinic_phone` varchar(50) COLLATE utf8mb4_unicode_ci DEFAULT NULL,
  `owner_doctor_name` varchar(150) COLLATE utf8mb4_unicode_ci DEFAULT NULL,
  `logo_path` varchar(255) COLLATE utf8mb4_unicode_ci DEFAULT NULL,
  `login_background_path` varchar(255) COLLATE utf8mb4_unicode_ci DEFAULT NULL,
  `favicon_path` varchar(255) COLLATE utf8mb4_unicode_ci DEFAULT NULL,
  `created_at` timestamp NULL DEFAULT NULL,
  `updated_at` timestamp NULL DEFAULT NULL,
  PRIMARY KEY (`id`)
) ENGINE=InnoDB AUTO_INCREMENT=2 DEFAULT CHARSET=utf8mb4 COLLATE=utf8mb4_unicode_ci;
/*!40101 SET character_set_client = @saved_cs_client */;

--
-- Dumping data for table `settings`
--

LOCK TABLES `settings` WRITE;
/*!40000 ALTER TABLE `settings` DISABLE KEYS */;
INSERT INTO `settings` VALUES (1,'dr dental care',NULL,NULL,'drg. Desly A.C Luhulima, M.K.M','branding/7pZ9xrOn16hQEFH4obTTBCL34YECgZouhoOiD1M4.png','branding/gNneTSHXsgXT4PQoeoVGj7735VaXvyT3jv5dpAcU.jpg',NULL,'2026-02-28 07:37:47','2026-03-04 07:41:26');
/*!40000 ALTER TABLE `settings` ENABLE KEYS */;
UNLOCK TABLES;

--
-- Table structure for table `treatment_categories`
--

DROP TABLE IF EXISTS `treatment_categories`;
/*!40101 SET @saved_cs_client     = @@character_set_client */;
/*!50503 SET character_set_client = utf8mb4 */;
CREATE TABLE `treatment_categories` (
  `id` bigint unsigned NOT NULL AUTO_INCREMENT,
  `name` varchar(120) COLLATE utf8mb4_unicode_ci NOT NULL,
  `is_active` tinyint NOT NULL DEFAULT '1',
  `created_at` timestamp NULL DEFAULT NULL,
  `updated_at` timestamp NULL DEFAULT NULL,
  PRIMARY KEY (`id`),
  UNIQUE KEY `treatment_categories_name_unique` (`name`)
) ENGINE=InnoDB AUTO_INCREMENT=24 DEFAULT CHARSET=utf8mb4 COLLATE=utf8mb4_unicode_ci;
/*!40101 SET character_set_client = @saved_cs_client */;

--
-- Dumping data for table `treatment_categories`
--

LOCK TABLES `treatment_categories` WRITE;
/*!40000 ALTER TABLE `treatment_categories` DISABLE KEYS */;
INSERT INTO `treatment_categories` VALUES (11,'KONSULTASI & PEMERIKSAAN',1,'2026-02-28 21:27:57','2026-02-28 21:27:57'),(12,'KONSERVASI',1,'2026-02-28 21:28:08','2026-02-28 21:28:08'),(13,'ENDODONTIK',1,'2026-02-28 21:28:20','2026-02-28 21:28:20'),(14,'PERIODONTIK',1,'2026-02-28 21:28:32','2026-02-28 21:28:32'),(15,'BEDAH MULUT',1,'2026-02-28 21:29:31','2026-02-28 21:29:31'),(16,'PROSTODONTIK',1,'2026-02-28 21:29:42','2026-02-28 21:29:42'),(17,'ORTHODONTIK',1,'2026-02-28 21:29:53','2026-02-28 21:29:53'),(18,'PEDODONTIK',1,'2026-02-28 21:30:05','2026-02-28 21:30:05'),(19,'ESTETIK',1,'2026-02-28 21:30:16','2026-02-28 21:30:16'),(20,'RADIOLOGI',1,'2026-02-28 21:30:27','2026-02-28 21:30:27'),(21,'DENTAL LABORATORY',1,'2026-03-10 02:17:38','2026-03-10 17:25:35'),(22,'SPACE CLOSSURE',1,'2026-03-11 23:48:02','2026-03-11 23:48:02'),(23,'LAIN-LAIN',1,'2026-03-15 22:23:52','2026-03-15 22:23:52');
/*!40000 ALTER TABLE `treatment_categories` ENABLE KEYS */;
UNLOCK TABLES;

--
-- Table structure for table `treatments`
--

DROP TABLE IF EXISTS `treatments`;
/*!40101 SET @saved_cs_client     = @@character_set_client */;
/*!50503 SET character_set_client = utf8mb4 */;
CREATE TABLE `treatments` (
  `id` bigint unsigned NOT NULL AUTO_INCREMENT,
  `category_id` bigint unsigned NOT NULL,
  `name` varchar(150) COLLATE utf8mb4_unicode_ci NOT NULL,
  `price` decimal(15,2) NOT NULL DEFAULT '0.00',
  `price_mode` varchar(20) COLLATE utf8mb4_unicode_ci NOT NULL DEFAULT 'fixed',
  `allow_zero_price` tinyint(1) NOT NULL DEFAULT '0',
  `is_free` tinyint(1) NOT NULL DEFAULT '0',
  `unit` varchar(50) COLLATE utf8mb4_unicode_ci NOT NULL DEFAULT '1x',
  `notes_hint` text COLLATE utf8mb4_unicode_ci,
  `is_active` tinyint NOT NULL DEFAULT '1',
  `created_at` timestamp NULL DEFAULT NULL,
  `updated_at` timestamp NULL DEFAULT NULL,
  PRIMARY KEY (`id`),
  UNIQUE KEY `treatments_category_id_name_unique` (`category_id`,`name`),
  KEY `treatments_category_id_index` (`category_id`),
  CONSTRAINT `treatments_category_id_foreign` FOREIGN KEY (`category_id`) REFERENCES `treatment_categories` (`id`) ON DELETE RESTRICT ON UPDATE CASCADE
) ENGINE=InnoDB AUTO_INCREMENT=68 DEFAULT CHARSET=utf8mb4 COLLATE=utf8mb4_unicode_ci;
/*!40101 SET character_set_client = @saved_cs_client */;

--
-- Dumping data for table `treatments`
--

LOCK TABLES `treatments` WRITE;
/*!40000 ALTER TABLE `treatments` DISABLE KEYS */;
INSERT INTO `treatments` VALUES (6,11,'KONSULTASI',150000.00,'fixed',0,0,'1x',NULL,1,'2026-03-06 04:45:09','2026-03-07 01:24:42'),(9,14,'SCALING RINGAN',350000.00,'fixed',0,0,'1x',NULL,1,'2026-03-06 04:46:13','2026-03-06 05:52:37'),(10,14,'SCALING SEDANG',400000.00,'fixed',0,0,'1x',NULL,1,'2026-03-06 05:36:46','2026-03-06 05:52:54'),(11,14,'SCALING BERAT',500000.00,'fixed',0,0,'1x',NULL,1,'2026-03-06 05:37:42','2026-03-06 05:52:09'),(12,17,'ORTHO STANDAR',3800000.00,'fixed',0,0,'1x',NULL,1,'2026-03-06 05:39:07','2026-03-06 05:49:05'),(13,17,'ORTHO STANDAR 2',6500000.00,'fixed',0,0,'1x',NULL,1,'2026-03-06 05:39:34','2026-03-06 05:39:34'),(14,17,'ORTHO 10 BESI',10000000.00,'fixed',0,0,'1x',NULL,1,'2026-03-06 05:40:02','2026-03-06 05:49:55'),(15,17,'ORTHO 10 TRANSPARAN',10000000.00,'fixed',0,0,'1x',NULL,1,'2026-03-06 05:40:33','2026-03-06 05:48:41'),(17,17,'ORTHO DIAMOND TRANSPARAN',22000000.00,'fixed',0,0,'1x',NULL,1,'2026-03-06 05:42:26','2026-03-06 05:43:35'),(19,17,'ORTHO 20 BESI DIAMOND',20000000.00,'fixed',0,0,'1x',NULL,1,'2026-03-06 05:54:53','2026-03-06 05:55:18'),(20,17,'CETAK GIGI',250000.00,'fixed',0,0,'1x',NULL,1,'2026-03-06 05:55:48','2026-03-06 07:54:12'),(21,17,'CONTROL ORTHO',350000.00,'fixed',0,0,'1x',NULL,1,'2026-03-06 05:56:42','2026-03-06 05:56:42'),(22,16,'GIGI TIRUAN LEPASAN TYPE 1',0.00,'manual',0,0,'per gigi',NULL,1,'2026-03-06 22:44:12','2026-03-10 01:45:21'),(23,16,'GIGI TIRUAN TYPE 2',0.00,'manual',0,0,'per gigi',NULL,1,'2026-03-06 22:45:24','2026-03-10 01:45:37'),(24,16,'GIGI TIRUAN TYPE 3',0.00,'manual',0,0,'per gigi',NULL,1,'2026-03-06 22:45:58','2026-03-10 01:45:53'),(25,16,'CROWN PORSELEN',2800000.00,'fixed',0,0,'per gigi',NULL,1,'2026-03-06 22:47:47','2026-03-06 22:47:47'),(26,11,'KONTROL ORTHO',350000.00,'fixed',0,0,'1x',NULL,1,'2026-03-06 22:51:18','2026-03-11 23:10:13'),(27,17,'DP ORTHO 6,5',3250000.00,'fixed',0,0,'1x',NULL,1,'2026-03-07 00:28:52','2026-03-07 00:28:52'),(28,17,'DP ORTHO BESI 10',5000000.00,'fixed',0,0,'1x',NULL,1,'2026-03-07 00:29:33','2026-03-07 00:30:38'),(29,17,'DP ORTHO BESI 20',10000000.00,'fixed',0,0,'1x',NULL,1,'2026-03-07 00:31:06','2026-03-07 00:31:06'),(30,17,'DP ORTHO 10 TRANSPARAN',5000000.00,'fixed',0,0,'1x',NULL,1,'2026-03-07 00:32:51','2026-03-07 00:32:51'),(31,17,'DP ORTHO DIAMOND TRANSPARAN',11000000.00,'fixed',0,0,'1x',NULL,1,'2026-03-07 00:33:29','2026-03-07 00:33:29'),(32,17,'INSERSI ORTHO 6,5',3250000.00,'fixed',0,0,'1x',NULL,1,'2026-03-07 00:34:39','2026-03-07 00:34:39'),(33,17,'INSERSI ORTHO 10 BESI',5000000.00,'fixed',0,0,'1x',NULL,1,'2026-03-07 00:35:11','2026-03-07 00:35:11'),(34,17,'INSERSI ORTHO 10 TRANSPARAN',5000000.00,'fixed',0,0,'1x',NULL,1,'2026-03-07 00:35:38','2026-03-07 00:35:38'),(35,17,'INSERSI ORTHO 20 BESI',10000000.00,'fixed',0,0,'1x',NULL,1,'2026-03-07 00:36:08','2026-03-07 00:36:08'),(36,17,'INSERSI ORTHO 22 TRANSPARAN',11000000.00,'fixed',0,0,'1x',NULL,1,'2026-03-07 00:36:38','2026-03-07 00:36:38'),(37,13,'GUTAP ( OBAT 4 )',350000.00,'fixed',0,0,'1x',NULL,1,'2026-03-07 01:26:20','2026-03-07 01:26:20'),(38,13,'OBAT 2 CRESOTIN',300000.00,'fixed',0,0,'1x',NULL,1,'2026-03-07 01:52:57','2026-03-28 21:38:34'),(40,21,'DENTAL LABORATORY',0.00,'manual',0,0,'1x',NULL,1,'2026-03-10 02:18:09','2026-03-10 17:26:33'),(41,16,'RETAINER',0.00,'manual',0,0,'1x',NULL,1,'2026-03-10 21:49:33','2026-03-10 21:49:33'),(42,15,'ODONTEK 1',1000000.00,'fixed',0,0,'per gigi',NULL,1,'2026-03-11 19:30:35','2026-03-11 19:30:35'),(43,15,'ODONTEK 2',1500000.00,'fixed',0,0,'per gigi',NULL,1,'2026-03-11 19:31:31','2026-03-11 19:31:31'),(44,15,'ODONTEK 3',2000000.00,'fixed',0,0,'per gigi',NULL,1,'2026-03-11 19:32:33','2026-03-11 19:32:33'),(46,13,'OBAT 3 CALCIPEX',300000.00,'fixed',0,0,'1x',NULL,1,'2026-03-11 21:11:50','2026-03-28 21:38:02'),(47,13,'OBAT 1- DEVITEC',300000.00,'fixed',0,0,'1x',NULL,1,'2026-03-11 21:12:57','2026-03-28 21:38:58'),(48,22,'DIASTEM (KAWAT)',0.00,'manual',0,0,'1x',NULL,1,'2026-03-11 21:15:16','2026-03-11 23:55:17'),(51,12,'TAMBAL LC',350000.00,'fixed',0,0,'1x',NULL,1,'2026-03-11 21:33:22','2026-03-11 21:41:49'),(52,15,'EXO',0.00,'manual',0,0,'1x',NULL,1,'2026-03-11 21:36:48','2026-03-11 21:36:48'),(53,17,'KONSUL ORTHO',0.00,'manual',0,0,'1x',NULL,1,'2026-03-12 00:42:18','2026-03-12 00:42:18'),(54,13,'OBAT 4',350000.00,'fixed',0,0,'1x',NULL,1,'2026-03-13 01:37:07','2026-03-13 01:37:07'),(55,13,'OBAT 5',400000.00,'fixed',0,0,'1x',NULL,1,'2026-03-13 01:37:45','2026-03-13 01:37:45'),(56,13,'OBAT 1 METODE 2',500000.00,'fixed',0,0,'1x',NULL,1,'2026-03-13 01:38:30','2026-03-13 01:38:30'),(57,13,'OBAT 2 METODE 2',500000.00,'fixed',0,0,'1x',NULL,1,'2026-03-13 01:38:56','2026-03-13 01:38:56'),(58,13,'OBAT 3 METODE 2',500000.00,'fixed',0,0,'1x',NULL,1,'2026-03-13 01:39:21','2026-03-13 01:39:21'),(59,15,'EXO GIGI ANAK',200000.00,'fixed',0,0,'1x',NULL,1,'2026-03-13 01:40:47','2026-03-13 01:40:47'),(60,23,'DENTOVA',0.00,'manual',0,0,'1x',NULL,1,'2026-03-15 22:24:45','2026-03-15 22:24:45'),(61,17,'LEPAS BRACKET (KAWAT GIGI)',0.00,'manual',0,0,'1x',NULL,1,'2026-03-23 20:36:56','2026-03-23 20:36:56'),(62,12,'CAPING (TAMBAL SEMENTARA)',300000.00,'fixed',0,0,'1x',NULL,1,'2026-03-25 05:51:46','2026-03-25 05:51:46'),(63,16,'PERBAIKAN GIGI PALSU (GTSL)',0.00,'manual',0,0,'1x',NULL,1,'2026-03-25 06:06:08','2026-03-25 06:06:08'),(64,15,'GINGGIVEKTOMI',300000.00,'fixed',0,0,'1x',NULL,1,'2026-03-25 06:33:24','2026-03-25 06:33:24'),(65,15,'LEPAS BENANG',0.00,'manual',1,0,'1x',NULL,1,'2026-03-29 17:55:47','2026-03-30 04:42:14'),(66,16,'CETAK KEMBALI',0.00,'manual',1,1,'1x',NULL,1,'2026-03-29 17:56:30','2026-03-30 05:06:20'),(67,16,'INSERSI GTSL',0.00,'manual',1,1,'1x',NULL,1,'2026-03-29 18:47:24','2026-03-30 06:05:20');
/*!40000 ALTER TABLE `treatments` ENABLE KEYS */;
UNLOCK TABLES;

--
-- Table structure for table `user_temp_passwords`
--

DROP TABLE IF EXISTS `user_temp_passwords`;
/*!40101 SET @saved_cs_client     = @@character_set_client */;
/*!50503 SET character_set_client = utf8mb4 */;
CREATE TABLE `user_temp_passwords` (
  `id` bigint unsigned NOT NULL AUTO_INCREMENT,
  `user_id` bigint unsigned NOT NULL,
  `temp_password_enc` text COLLATE utf8mb4_unicode_ci,
  `created_at` timestamp NULL DEFAULT NULL,
  `updated_at` timestamp NULL DEFAULT NULL,
  PRIMARY KEY (`id`),
  UNIQUE KEY `user_temp_passwords_user_id_unique` (`user_id`),
  CONSTRAINT `user_temp_passwords_user_id_foreign` FOREIGN KEY (`user_id`) REFERENCES `users` (`id`) ON DELETE CASCADE
) ENGINE=InnoDB DEFAULT CHARSET=utf8mb4 COLLATE=utf8mb4_unicode_ci;
/*!40101 SET character_set_client = @saved_cs_client */;

--
-- Dumping data for table `user_temp_passwords`
--

LOCK TABLES `user_temp_passwords` WRITE;
/*!40000 ALTER TABLE `user_temp_passwords` DISABLE KEYS */;
/*!40000 ALTER TABLE `user_temp_passwords` ENABLE KEYS */;
UNLOCK TABLES;

--
-- Table structure for table `users`
--

DROP TABLE IF EXISTS `users`;
/*!40101 SET @saved_cs_client     = @@character_set_client */;
/*!50503 SET character_set_client = utf8mb4 */;
CREATE TABLE `users` (
  `id` bigint unsigned NOT NULL AUTO_INCREMENT,
  `name` varchar(150) COLLATE utf8mb4_unicode_ci NOT NULL,
  `email` varchar(191) COLLATE utf8mb4_unicode_ci NOT NULL,
  `password` varchar(255) COLLATE utf8mb4_unicode_ci NOT NULL,
  `photo_path` varchar(255) COLLATE utf8mb4_unicode_ci DEFAULT NULL,
  `role` enum('owner','admin','staff') COLLATE utf8mb4_unicode_ci NOT NULL DEFAULT 'admin',
  `is_active` tinyint NOT NULL DEFAULT '1',
  `created_at` timestamp NULL DEFAULT NULL,
  `updated_at` timestamp NULL DEFAULT NULL,
  PRIMARY KEY (`id`),
  UNIQUE KEY `users_email_unique` (`email`)
) ENGINE=InnoDB AUTO_INCREMENT=4 DEFAULT CHARSET=utf8mb4 COLLATE=utf8mb4_unicode_ci;
/*!40101 SET character_set_client = @saved_cs_client */;

--
-- Dumping data for table `users`
--

LOCK TABLES `users` WRITE;
/*!40000 ALTER TABLE `users` DISABLE KEYS */;
INSERT INTO `users` VALUES (1,'Owner','owner@clinic.com','$2y$12$uOi5ZfKuxp5i4p1um1rUkeyI4e0eJhzYk9.PWoiXodkaUOUk8gwpC',NULL,'owner',1,'2026-02-28 06:35:00','2026-03-05 18:52:50'),(3,'Admin','dr.dentalcaregorontalo@gmail.com','$2y$12$.9bOpyOkYXYPx1mPo3sQL.EfFcJ6ZJsXgoZYx6LAx6R2ir7wKD3qq',NULL,'admin',1,'2026-02-28 06:35:01','2026-03-15 21:44:56');
/*!40000 ALTER TABLE `users` ENABLE KEYS */;
UNLOCK TABLES;

--
-- Table structure for table `warehouse_items`
--

DROP TABLE IF EXISTS `warehouse_items`;
/*!40101 SET @saved_cs_client     = @@character_set_client */;
/*!50503 SET character_set_client = utf8mb4 */;
CREATE TABLE `warehouse_items` (
  `id` bigint unsigned NOT NULL AUTO_INCREMENT,
  `name` varchar(150) COLLATE utf8mb4_unicode_ci NOT NULL,
  `unit` varchar(50) COLLATE utf8mb4_unicode_ci NOT NULL,
  `minimum_stock` decimal(15,2) NOT NULL DEFAULT '0.00',
  `is_active` tinyint(1) NOT NULL DEFAULT '1',
  `created_at` timestamp NULL DEFAULT NULL,
  `updated_at` timestamp NULL DEFAULT NULL,
  PRIMARY KEY (`id`),
  UNIQUE KEY `warehouse_items_name_unique` (`name`)
) ENGINE=InnoDB DEFAULT CHARSET=utf8mb4 COLLATE=utf8mb4_unicode_ci;
/*!40101 SET character_set_client = @saved_cs_client */;

--
-- Dumping data for table `warehouse_items`
--

LOCK TABLES `warehouse_items` WRITE;
/*!40000 ALTER TABLE `warehouse_items` DISABLE KEYS */;
/*!40000 ALTER TABLE `warehouse_items` ENABLE KEYS */;
UNLOCK TABLES;

--
-- Table structure for table `warehouse_movements`
--

DROP TABLE IF EXISTS `warehouse_movements`;
/*!40101 SET @saved_cs_client     = @@character_set_client */;
/*!50503 SET character_set_client = utf8mb4 */;
CREATE TABLE `warehouse_movements` (
  `id` bigint unsigned NOT NULL AUTO_INCREMENT,
  `item_id` bigint unsigned NOT NULL,
  `type` varchar(10) COLLATE utf8mb4_unicode_ci NOT NULL,
  `qty` decimal(15,2) NOT NULL,
  `date` date NOT NULL,
  `reference` varchar(150) COLLATE utf8mb4_unicode_ci DEFAULT NULL,
  `notes` varchar(500) COLLATE utf8mb4_unicode_ci DEFAULT NULL,
  `created_by` bigint unsigned DEFAULT NULL,
  `created_at` timestamp NULL DEFAULT NULL,
  `updated_at` timestamp NULL DEFAULT NULL,
  PRIMARY KEY (`id`),
  KEY `warehouse_movements_item_id_foreign` (`item_id`),
  KEY `warehouse_movements_created_by_foreign` (`created_by`),
  CONSTRAINT `warehouse_movements_created_by_foreign` FOREIGN KEY (`created_by`) REFERENCES `users` (`id`) ON DELETE SET NULL,
  CONSTRAINT `warehouse_movements_item_id_foreign` FOREIGN KEY (`item_id`) REFERENCES `warehouse_items` (`id`) ON DELETE CASCADE
) ENGINE=InnoDB DEFAULT CHARSET=utf8mb4 COLLATE=utf8mb4_unicode_ci;
/*!40101 SET character_set_client = @saved_cs_client */;

--
-- Dumping data for table `warehouse_movements`
--

LOCK TABLES `warehouse_movements` WRITE;
/*!40000 ALTER TABLE `warehouse_movements` DISABLE KEYS */;
/*!40000 ALTER TABLE `warehouse_movements` ENABLE KEYS */;
UNLOCK TABLES;

--
-- Dumping events for database 'dental_finance'
--

--
-- Dumping routines for database 'dental_finance'
--
/*!40103 SET TIME_ZONE=@OLD_TIME_ZONE */;

/*!40101 SET SQL_MODE=@OLD_SQL_MODE */;
/*!40014 SET FOREIGN_KEY_CHECKS=@OLD_FOREIGN_KEY_CHECKS */;
/*!40014 SET UNIQUE_CHECKS=@OLD_UNIQUE_CHECKS */;
/*!40101 SET CHARACTER_SET_CLIENT=@OLD_CHARACTER_SET_CLIENT */;
/*!40101 SET CHARACTER_SET_RESULTS=@OLD_CHARACTER_SET_RESULTS */;
/*!40101 SET COLLATION_CONNECTION=@OLD_COLLATION_CONNECTION */;
/*!40111 SET SQL_NOTES=@OLD_SQL_NOTES */;

-- Dump completed on 2026-04-01 13:08:50
